INSERT INTO tbl_member (member_code, member_id, member_name, email, password, phone_no, join_date, email_verified, is_locked)
VALUES (1,'admin', 'admin', 'admin@naver.com', '$2b$12$1C5njm.3fcbzVILGq/K0l.f8LUSdVKyksThdTZm85CYcJpCVv0hBO', NULL, NOW(), TRUE, FALSE);

INSERT INTO tbl_member (member_code, member_id, member_name, email, password, phone_no, join_date, email_verified, is_locked)
VALUES (101,'member01', 'κΉ€κ±΄μ°', 'gunwoo@naver.com', '$2b$12$1C5njm.3fcbzVILGq/K0l.f8LUSdVKyksThdTZm85CYcJpCVv0hBO', '010-3868-8803', NOW(), FALSE, FALSE);

INSERT INTO tbl_member (member_code, member_id, member_name, email, password, phone_no, join_date, email_verified, is_locked)
VALUES (102,'member02', 'κΉ€λ‚μ', 'nayou5g@naver.com', '$2b$12$1C5njm.3fcbzVILGq/K0l.f8LUSdVKyksThdTZm85CYcJpCVv0hBO', '016-3494-8126', NOW(), FALSE, FALSE);

INSERT INTO tbl_member (member_code, member_id, member_name, email, password, phone_no, join_date, email_verified, is_locked)
VALUES (103,'member03', 'λ°•μ†΅μ΄', 'songyi@naver.com', '$2b$12$1C5njm.3fcbzVILGq/K0l.f8LUSdVKyksThdTZm85CYcJpCVv0hBO', '011-1190-2653', NOW(), FALSE, FALSE);

INSERT INTO tbl_member (member_code, member_id, member_name, email, password, phone_no, join_date, email_verified, is_locked)
VALUES (104,'member04', 'λ°•μ„±ν„', 'sunghyun@naver.com', '$2b$12$1C5njm.3fcbzVILGq/K0l.f8LUSdVKyksThdTZm85CYcJpCVv0hBO', '011-2245-7620', NOW(), FALSE, FALSE);

INSERT INTO tbl_member (member_code, member_id, member_name, email, password, phone_no, join_date, email_verified, is_locked)
VALUES (105,'member05', 'μ΅°μλ―Ό', 'sumin@naver.com', '$2b$12$1C5njm.3fcbzVILGq/K0l.f8LUSdVKyksThdTZm85CYcJpCVv0hBO', '011-7339-7957', NOW(), FALSE, FALSE);

INSERT INTO tbl_member (member_code, member_id, member_name, email, password, phone_no, join_date, email_verified, is_locked)
VALUES (106,'member06', 'ν—μ•„λ¦„', 'areum@daum.net', '$2b$12$1C5njm.3fcbzVILGq/K0l.f8LUSdVKyksThdTZm85CYcJpCVv0hBO', '016-4814-3905', NOW(), FALSE, FALSE);

UPDATE tbl_member SET role = 'ADMIN' WHERE member_code = 1;

INSERT INTO tbl_roles (role_code, role_name) VALUES (1, 'ADMIN');
INSERT INTO tbl_roles (role_code, role_name) VALUES (2, 'member');

INSERT INTO tbl_member_roles (member_code, role_code) VALUES (1, 1);
INSERT INTO tbl_member_roles (member_code, role_code) VALUES (1, 2);

INSERT INTO tbl_member_roles (member_code, role_code) VALUES (101, 2);
INSERT INTO tbl_member_roles (member_code, role_code) VALUES (102, 2);
INSERT INTO tbl_member_roles (member_code, role_code) VALUES (103, 2);
INSERT INTO tbl_member_roles (member_code, role_code) VALUES (104, 2);
INSERT INTO tbl_member_roles (member_code, role_code) VALUES (105, 2);
INSERT INTO tbl_member_roles (member_code, role_code) VALUES (106, 2);

ALTER TABLE tbl_member AUTO_INCREMENT = 107;

-- π“ μ„μΈ/κ²½κΈ° νΈν…” λ°μ΄ν„°
INSERT INTO tbl_acm (acm_location, acm_name, acm_address , acm_price, acm_info, acm_phone,regist_date, max_guest,liked_count, acm_photo1, acm_photo2, acm_photo3, acm_photo4, acm_photo5)
VALUES('μ„μΈ/κ²½κΈ°', 'λ΅―λ°νΈν…” μ„μΈ', 'μ„μΈνΉλ³„μ‹ μ¤‘κµ¬ μ„μ§€λ΅ 30', 150000,
       'λ΅―λ°νΈν…” μ„μΈμ€ μµκ³ μ νΈμ•ν•¨κ³Ό μ„λΉ„μ¤λ¥Ό μ κ³µν•©λ‹λ‹¤.',  '02-771-1000', NOW(), 3, 403,
       '/image/acm/seoul/lotte1.jpg',
       '/image/acm/seoul/lotte2.jpg',
       '/image/acm/seoul/lotte3.jpg',
       '/image/acm/seoul/lotte4.jpg',
       '/image/acm/seoul/lotte5.jpg');

INSERT INTO tbl_acm (acm_location, acm_name, acm_address , acm_price, acm_info, acm_phone,regist_date, max_guest,liked_count, acm_photo1, acm_photo2, acm_photo3, acm_photo4, acm_photo5)
VALUES('μ„μΈ/κ²½κΈ°', 'μ‹ λΌνΈν…” μ„μΈ','μ„μΈνΉλ³„μ‹ μ¤‘κµ¬ λ™νΈλ΅ 249', 250000,
       'μ‹ λΌνΈν…” μ„μΈμ€ μµκ³ μ νΈμ•ν•¨κ³Ό μ„λΉ„μ¤λ¥Ό μ κ³µν•©λ‹λ‹¤.', '02-2233-3131', NOW(), 6, 540,
       '/image/acm/seoul/shila.jpg',
       '/image/acm/seoul/shila2.jpg',
       '/image/acm/seoul/shila3.jpg',
       '/image/acm/seoul/shila4.jpg',
       '/image/acm/seoul/shila5.png'
      );

INSERT INTO tbl_acm (acm_location, acm_name, acm_address , acm_price, acm_info, acm_phone,regist_date, max_guest,liked_count, acm_photo1, acm_photo2, acm_photo3, acm_photo4, acm_photo5)
VALUES('μ„μΈ/κ²½κΈ°', 'μ›¨μ¤ν‹΄μ΅°μ„  μ„μΈ', 'μ„μΈνΉλ³„μ‹ μ¤‘κµ¬ λ™νΈλ΅ 249', 200000,
       'μ›¨μ¤ν‹΄μ΅°μ„  μ„μΈμ€ μµκ³ μ νΈμ•ν•¨κ³Ό μ„λΉ„μ¤λ¥Ό μ κ³µν•©λ‹λ‹¤.', '02-2233-3131', NOW(), 4,78,
       '/image/acm/seoul/josun1.jpg',
       '/image/acm/seoul/josun2.jpg',
       '/image/acm/seoul/josun3.jpg',
       '/image/acm/seoul/josun4.jpg',
       '/image/acm/seoul/josun5.jpg');


INSERT INTO tbl_acm (acm_location, acm_name, acm_address , acm_price, acm_info, acm_phone,regist_date, max_guest,liked_count, acm_photo1, acm_photo2, acm_photo3, acm_photo4, acm_photo5)
VALUES('μ„μΈ/κ²½κΈ°', 'μ†΅μ•”μ¤νμ΄μ¤μ„Όν„°', 'κ²½κΈ°λ„ μ–‘μ£Όμ‹ μ¥ν¥λ©΄ κ¶μ¨λ΅185λ²κΈΈ 103',63000,
       'μ†΅μ•” μ¤νμ΄μ¤μ„Όν„°λ” μµκ³ μ νΈμ•ν•¨κ³Ό μ„λΉ„μ¤λ¥Ό μ κ³µν•©λ‹λ‹¤.', '031-894-6000', NOW(), 2, 87,
       '/image/acm/seoul/space1.jpg',
       '/image/acm/seoul/space2.jpg',
       '/image/acm/seoul/space3.jpg',
       '/image/acm/seoul/space4.jpg',
       '/image/acm/seoul/space5.jpg'
      );

INSERT INTO tbl_acm (acm_location, acm_name, acm_address , acm_price, acm_info, acm_phone,regist_date, max_guest,liked_count, acm_photo1, acm_photo2, acm_photo3, acm_photo4, acm_photo5)
VALUES ('μ„μΈ/κ²½κΈ°', 'ν™μ¦μ¤ν…μ΄ μμ›', 'κ²½κΈ° μμ›μ‹ ν”λ‹¬κµ¬ μΈκ³„λ΅ 116',54000,
        'ν™μ¦μ¤ν…μ΄ μμ›μ—μ„ μ‚¶μ„ ν’μ”λ΅­κ² ν•λ” λ‹¤μ±„λ΅μ΄ κ²½ν—μ μ‹κ°„μ„ λ„λ¦¬μ„Έμ”.', '031-233-0338', NOW(),2, 32,
        '/image/acm/seoul/suwon.jpg',
        '/image/acm/seoul/suwon2.jpg',
        '/image/acm/seoul/suwon3.jpg',
        '/image/acm/seoul/suwon4.jpg',
        '/image/acm/seoul/suwon5.jpg'
       );

-- π“ μ¶©μ²­ μ§€μ—­ νΈν…” λ°μ΄ν„°
INSERT INTO tbl_acm (acm_location, acm_name, acm_address , acm_price, acm_info, acm_phone,regist_date, max_guest,liked_count, acm_photo1, acm_photo2, acm_photo3, acm_photo4, acm_photo5)
VALUES ('μ¶©μ²­', 'λ΅―λ°λ¦¬μ΅°νΈ λ¶€μ—¬', 'μ¶©λ‚¨ λ¶€μ—¬κµ° κ·μ•”λ©΄ λ°±μ λ¬Έλ΅ 400',137800,
        'λ¶€μ—¬μ μ—­μ‚¬μ™€ λ¬Έν™”λ¥Ό μ²΄ν—ν•  μ μλ” κ³ κΈ‰ λ¦¬μ΅°νΈλ΅, κ°€μ΅± λλ” μ—°μΈκ³Ό νΉλ³„ν• μ¶”μ–µμ„ λ§λ“¤ μ μμµλ‹λ‹¤.', '010-1200-9616', NOW(), 6, 501,
        '/image/acm/chuncheong/buyeo1.jpg',
        '/image/acm/chuncheong/buyeo2.jpg',
        '/image/acm/chuncheong/buyeo3.jpg',
        '/image/acm/chuncheong/buyeo4.jpg',
        '/image/acm/chuncheong/buyeo.jpg'
       );


INSERT INTO tbl_acm (acm_location, acm_name, acm_address , acm_price, acm_info, acm_phone,regist_date, max_guest,liked_count, acm_photo1, acm_photo2, acm_photo3, acm_photo4)
VALUES ('μ¶©μ²­', 'μ‹ λΌμ¤ν…μ΄ μ²μ•', 'μ¶©λ‚¨ μ²μ•μ‹ μ„λ¶κµ¬ λ™μ„λ€λ΅ 177',137800,
        'λΉ„μ¦λ‹μ¤μ™€ κ΄€κ΄‘ λ¨λ‘μ— μ ν•©ν• ν„λ€μ μΈ μ‹μ„¤μ„ κ°–μ¶ νΈν…”μ…λ‹λ‹¤. ', '041-415-9000', NOW(), 6, 501,
        '/image/acm/chuncheong/shilla1.jpg',
        '/image/acm/chuncheong/shilla2.jpg',
        '/image/acm/chuncheong/shilla3.jpg',
        '/image/acm/chuncheong/shilla4.jpg'
       );

INSERT INTO tbl_acm (acm_location, acm_name, acm_address , acm_price, acm_info, acm_phone,regist_date, max_guest,liked_count, acm_photo1, acm_photo2, acm_photo3, acm_photo4)
VALUES ('μ¶©μ²­', 'μ†”λΌκ³  λ¦¬μ΅°νΈ νƒμ•', 'μ¶©λ‚¨ νƒμ•κµ° νƒμ•μ κΈ°μ—…λ„μ‹9κΈΈ 205 μ†”λΌκ³ λ¦¬μ΅°νΈ', 239000,
        'μ•„λ¦„λ‹¤μ΄ ν•΄μ•μ„ μ„ λ”°λΌ μ„μΉν• λ¦¬μ΅°νΈλ΅, λ‹¤μ–‘ν• λ μ € μ‹μ„¤μ„ μ κ³µν•©λ‹λ‹¤. ', '041-670-8887', NOW(), 12, 640,
        '/image/acm/chuncheong/solago1.jpg',
        '/image/acm/chuncheong/solago1.jpg',
        '/image/acm/chuncheong/solago1.jpg',
        '/image/acm/chuncheong/solago1.jpg'
       );

INSERT INTO tbl_acm (acm_location, acm_name, acm_address , acm_price, acm_info, acm_phone,regist_date, max_guest,liked_count, acm_photo1, acm_photo2, acm_photo3, acm_photo4, acm_photo5)
VALUES ('μ¶©μ²­', 'μ¤λ¬΄μ•„λ¬΄μ•„ ν’€λΉλΌ λ‹¨μ–‘', 'μ¶©λ¶ λ‹¨μ–‘κµ° λ€κ°•λ©΄ κ΄΄ν‰λ¦¬ 164', 221000,
        'μμ—° μ† ν•μ ν• μ‹κ³¨λ§μ„μ— μ„μΉν• λ…μ±„ ν’€λΉλΌλ΅, μ΄ λ‹¤μ„― κ°μ λ³µμΈµ κ°μ‹¤μ΄ μμΌλ©°, κ° κ°μ‹¤λ³„λ΅ ν”„λΌμ΄λΉ—ν• μ•Όμ™Έμ •μ›κ³Ό 4κ³„μ  μ•Όμ™Έ μ¨μ ν’€μ΄ κ°–μ¶”μ–΄μ Έ μμµλ‹λ‹¤. ', '0507-1497-1555', NOW(), 4, 50,
        '/image/acm/chuncheong/omuamua1.jpg',
        '/image/acm/chuncheong/omuamua1.jpg',
        '/image/acm/chuncheong/omuamua1.jpg',
        '/image/acm/chuncheong/omuamua1.jpg',
        '/image/acm/chuncheong/omuamua1.jpg'
       );

INSERT INTO tbl_acm (acm_location, acm_name, acm_address , acm_price, acm_info, acm_phone,regist_date, max_guest,liked_count, acm_photo1, acm_photo2, acm_photo3, acm_photo4, acm_photo5)
VALUES ('μ¶©μ²­', 'ν•μ¥μ¤ν…μ΄ μ—° μ²­μ£Ό', 'μ¶©λ¶ μ²­μ£Όμ‹ μ²­μ›κµ¬ μ¤μ°½μ λ―Έλμ§€λ΅ 71-67 ν•μ¥μ¤ν…μ΄μ—°', 68000,
        'μ²­μ£Όμ‹ μ¤μ°½μ λ―Έλμ§€ ν…λ§κ³µμ›μ— μ„μΉν• ν•μ¥μ¤ν…μ΄λ΅, μ „ν†µμ μ•„λ¦„λ‹¤μ›€κ³Ό ν•μ¥μ ν‰μ¨ν• ν΄μ‹μ„ μ¦κΈΈ μ μλ” λ…μ±„ κ³µκ°„μ…λ‹λ‹¤. ', '043-212-8959', NOW(), 6, 89,
        '/image/acm/chuncheong/yeon1.jpg',
        '/image/acm/chuncheong/yeon1.jpg',
        '/image/acm/chuncheong/yeon1.jpg',
        '/image/acm/chuncheong/yeon1.jpg',
        '/image/acm/chuncheong/yeon1.jpg'
       );

-- π“ κ°•μ› μ§€μ—­ νΈν…” λ°μ΄ν„°
INSERT INTO tbl_acm (acm_location, acm_name, acm_address , acm_price, acm_info, acm_phone,regist_date, max_guest,liked_count, acm_photo1, acm_photo2, acm_photo3, acm_photo4, acm_photo5)
VALUES ('κ°•μ›', 'κ°•λ¦‰ μ¤μ…λ·° νΈν…”', 'κ°•μ›λ„ κ°•λ¦‰μ‹ ν•΄λ³€λ΅ 123', 120000,
        'λ™ν•΄μ μ•„λ¦„λ‹¤μ΄ μ „κ²½μ„ κ°μƒν•λ©° λ­μ…”λ¦¬ν• ν΄μ‹μ„ μ¦κΈΈ μ μλ” μµκ³ μ ν•΄μ•κ°€ νΈν…”μ…λ‹λ‹¤.', '033-123-4567', NOW(), 4, 77,
        '/image/acm/gangwon/gangreung1.jpg',
        '/image/acm/gangwon/gangreung1.jpg',
        '/image/acm/gangwon/gangreung1.jpg',
        '/image/acm/gangwon/gangreung1.jpg',
        '/image/acm/gangwon/gangreung1.jpg'
       );

INSERT INTO tbl_acm (acm_location, acm_name, acm_address , acm_price, acm_info, acm_phone,regist_date, max_guest,liked_count, acm_photo1, acm_photo2, acm_photo3, acm_photo4, acm_photo5)
VALUES ('κ°•μ›', 'μ¶μ² ν•μ¥ μ¤ν…μ΄', 'κ°•μ›λ„ μ¶μ²μ‹ ν•μ¥κΈΈ 45', 90000,
        'μ „ν†µ ν•μ¥ μ²΄ν—μ΄ κ°€λ¥ν•, μ •μ›μ΄ μ•„λ¦„λ‹¤μ΄ ν•μ¥ μ¤ν…μ΄μ…λ‹λ‹¤.', '033-987-6543', NOW(), 4, 102,
        '/image/acm/gangwon/chuncheon1.jpg',
        '/image/acm/gangwon/chuncheon1.jpg',
        '/image/acm/gangwon/chuncheon1.jpg',
        '/image/acm/gangwon/chuncheon1.jpg',
        '/image/acm/gangwon/chuncheon1.jpg'
       );

INSERT INTO tbl_acm (acm_location, acm_name, acm_address , acm_price, acm_info, acm_phone,regist_date, max_guest,liked_count, acm_photo1, acm_photo2, acm_photo3, acm_photo4, acm_photo5)
VALUES ('κ°•μ›', 'ν‰μ°½ μ¤ν‚¤ λ¦¬μ΅°νΈ', 'κ°•μ›λ„ ν‰μ°½κµ° μ¬λ¦Όν”½λ΅ 567', 250000,
        'ν‰μ°½ μ¤ν‚¤ λ¦¬μ΅°νΈλ” μ„Έκ³„μ μΈ μμ¤€μ μ¬λ΅ν”„μ™€ μ•„λ¦„λ‹¤μ΄ μ„¤κ²½μ„ μλ‘ν•λ” λ€ν•λ―Όκµ­ μµκ³ μ κ²¨μΈ μ¤ν¬μΈ  λ…μ†μ…λ‹λ‹¤.', '033-567-8901', NOW(), 4, 77,
        '/image/acm/gangwon/pyungchang1.jpg',
        '/image/acm/gangwon/pyungchang1.jpg',
        '/image/acm/gangwon/pyungchang1.jpg',
        '/image/acm/gangwon/pyungchang1.jpg',
        '/image/acm/gangwon/pyungchang1.jpg'
       );

INSERT INTO tbl_acm (acm_location, acm_name, acm_address , acm_price, acm_info, acm_phone,regist_date, max_guest,liked_count, acm_photo1, acm_photo2, acm_photo3, acm_photo4)
VALUES ('κ°•μ›', 'μ†μ΄ λ°”λ‹¤ νμ…', 'κ°•μ›λ„ μ†μ΄μ‹ ν•΄λ³€κΈΈ 89', 70000,
        'μ†μ΄ λ°”λ‹¤ νμ…μ€ ν‘Έλ¥Έ λ™ν•΄λ¥Ό ν•λμ— λ‹΄μ„ μ μλ” μ¤μ…λ·° μ™μ†λ΅, μ—¬μ λ΅μ΄ ν΄μ‹κ³Ό κ°μ„±μ μΈ νλ§μ„ μ„ μ‚¬ν•©λ‹λ‹¤.', '033-432-1098', NOW(), 4, 77,
        '/image/acm/gangwon/sokcho1.jpg',
        '/image/acm/gangwon/sokcho1.jpg',
        '/image/acm/gangwon/sokcho1.jpg',
        '/image/acm/gangwon/sokcho1.jpg'
       );

INSERT INTO tbl_acm (acm_location, acm_name, acm_address , acm_price, acm_info, acm_phone,regist_date, max_guest,liked_count, acm_photo1, acm_photo2, acm_photo3, acm_photo4, acm_photo5)
VALUES ('κ°•μ›', 'ν™μ² μΊ ν•‘ κΈ€λ¨ν•‘', 'κ°•μ›λ„ ν™μ²κµ° μ‚°μ†κΈΈ 321', 150000,
        'μ²­μ • μμ—° μ†μ—μ„ μΊ ν•‘μ μμ λ΅μ›€κ³Ό κΈ€λ¨ν•‘μ νΈμ•ν•¨μ„ λ™μ‹μ— μ¦κΈΈ μ μλ” νλ§ λ…μ†μ…λ‹λ‹¤.', '033-321-6547', NOW(), 4, 77,
        '/image/acm/gangwon/hongcheon1.jpg',
        '/image/acm/gangwon/hongcheon1.jpg',
        '/image/acm/gangwon/hongcheon1.jpg',
        '/image/acm/gangwon/hongcheon1.jpg',
        '/image/acm/gangwon/hongcheon1.jpg'
       );

-- π“ μ μ£Ό μ§€μ—­ νΈν…” λ°μ΄ν„°
INSERT INTO tbl_acm (acm_location, acm_name, acm_address , acm_price, acm_info, acm_phone,regist_date, max_guest,liked_count, acm_photo1, acm_photo2, acm_photo3)
VALUES ('μ μ£Ό', 'λ΅―λ°νΈν…” μ μ£Ό', 'μ μ£ΌνΉλ³„μμΉλ„ μ„κ·€ν¬μ‹ μ¤‘λ¬Έκ΄€κ΄‘λ΅72λ²κΈΈ 35', 250000,
        'λ΅―λ°νΈν…” μ μ£Όλ” μ–Έμ λ‚ λ‚΄ μ§‘κ³Ό κ°™μ€ νΈμ•ν•¨κ³Ό μ•„λ‘ν•¨μ„ μ κ³µν•©λ‹λ‹¤.',
        '064-731-1000', NOW(), 4, 800,
        '/image/acm/jeju/jeju-hotel.jpg',
        '/image/acm/jeju/jeju-hotel2.jpg',
        '/image/acm/jeju/din-LTJE.jpg'
       );

INSERT INTO tbl_acm (acm_location, acm_name, acm_address , acm_price, acm_info, acm_phone,regist_date, max_guest,liked_count, acm_photo1, acm_photo2, acm_photo3)
VALUES ('μ μ£Ό','μ μ£Ό μ‹ λΌνΈν…”','μ μ£ΌνΉλ³„μμΉλ„ μ„κ·€ν¬μ‹ νΉλ³„μμΉλ„, μ¤‘λ¬Έκ΄€κ΄‘λ΅72λ²κΈΈ 75', 250000,
        'λ‚΄ μ§‘κ³Ό κ°™μ€ νΈμ•ν•¨μΌλ΅ κ³µκ°„ μ΄μƒμ κ°€μΉκ°€ μ¨μ‰¬κ³  μλ” μ μ£Ό μ‹ λΌνΈν…”.',
        '064-735-5114', NOW(), 4,800,
        '/image/acm/jeju/sinla1.jpg',
        '/image/acm/jeju/sinla2.jpg',
        '/image/acm/jeju/sinla.jpg'
       );

INSERT INTO tbl_acm (acm_location, acm_name, acm_address , acm_price, acm_info, acm_phone,regist_date, max_guest,liked_count, acm_photo1, acm_photo2, acm_photo3 , acm_photo4)
VALUES ('μ μ£Ό','ν•΄λΉ„μΉ νΈν…” & λ¦¬μ΅°νΈ μ μ£Ό','μ μ£ΌνΉλ³„μμΉλ„ μ„κ·€ν¬μ‹ ν‘μ„ λ©΄ λ―Όμ†ν•΄μ•λ΅ 537', 250000,
        '''ν•΄κ°€ μ²μ λΉ„μ¶”λ” κ³³''μ΄λΌλ” λ»μ ν•΄λΉ„μΉ νΈν…”μ•¤λ“λ¦¬μ΅°νΈλ” λ•λ¬»μ§€ μ•μ€ μμ—° κ·Έλ€λ΅μ μ μ£Όμ™€ μ—λ©”λ„λ“λΉ› λ°”λ‹¤κ°€ ν•λμ— νΌμ³μ§€λ” μ•„λ¦„λ‹¤μ΄ κ³³μ— μ„μΉν•κ³  μμµλ‹λ‹¤.',
        '064-780-8100', NOW(), 4,800,
        '/image/acm/jeju/haevichi-jeju.jpg',
        '/image/acm/jeju/haevichi-jeju2.jpg',
        '/image/acm/jeju/haevichi-jeju3.jpg',
        '/image/acm/jeju/havichi-jeju4.jpg' );

INSERT INTO tbl_acm (acm_location, acm_name, acm_address , acm_price, acm_info, acm_phone,regist_date, max_guest,liked_count, acm_photo1, acm_photo2, acm_photo3)
VALUES ('μ μ£Ό','λ©”μΆ… κΈ€λλ“ μ μ£Ό','μ μ£Όμ‹ KRνΉλ³„μμΉλ„ μ μ£Όμ‹ μ—°λ™ λ…Έμ—°λ΅ 80', 250000,
        'νΈλ¦¬ν•κ³  νΈμ•ν•κ² μ λ€λ΅ μ¦κΈ°λ” μ μ£Ό, λ„κµ¬λ³΄λ‹¤ μ μ£Όλ¥Ό λ” μ μ•„λ” μ‚¬λλ“¤μ΄ μƒ‰λ‹¤λ¥Έ λ¨Έλ¬΄λ¦„μ„ μ„ν•΄ λ§λ“  λ©”μΆ… κΈ€λλ“ μ μ£Όμ—μ„ ν–‰λ³µν• μ¶”μ–µμ„ λ§λ“¤ μ μμ„ κ²ƒ μ…λ‹λ‹¤.',
        '064-747-4900', NOW(), 4,800,
        '/image/acm/jeju/MAISON_GLAD_JEJU.jpg',
        '/image/acm/jeju/MAISON_GLAD_JEJU2.jpg',
        '/image/acm/jeju/MAISON_GLAD_JEJU3.jpg'
       );

INSERT INTO tbl_acm (acm_location, acm_name, acm_address , acm_price, acm_info, acm_phone,regist_date, max_guest,liked_count, acm_photo1, acm_photo2, acm_photo3)
VALUES ('μ μ£Ό','κ·Έλλ“ ν•μ–νΈ μ μ£Ό','μ μ£ΌνΉλ³„μμΉλ„ μ μ£Όμ‹ λ…Έμ—°λ΅ 12', 250000,
        'μ μ£Ό μ‹λ‚΄ μ¤‘μ‹¬μ— μ„μΉν• λλ“λ§ν¬ μ μ£Ό λ“λ¦Όνƒ€μ›μ—μ„ λ¨λ μ½”λ¦¬μ• λΌμ΄ν”„ μ¤νƒ€μΌμ„ κ²½ν—ν•μ„Έμ”.',
        '064-907-1234', NOW(), 4,800,
        '/image/acm/jeju/GrandHyatt.jpg',
        '/image/acm/jeju/GrandHyatt2.jpg',
        '/image/acm/jeju/GrandHyatt4.jpg'
       );
-- π“ μ „λΌ μ§€μ—­ νΈν…” λ°μ΄ν„°

INSERT INTO tbl_acm (acm_location, acm_name, acm_address , acm_price, acm_info, acm_phone,regist_date, max_guest,liked_count, acm_photo1, acm_photo2, acm_photo3 , acm_photo4)
VALUES ('μ „λΌ','μ λΉ„μΉ νΈν…”μ•¤λ¦¬μ΅°νΈ','μ§„λ„ μ „λΌλ‚¨λ„ μ§„λ„κµ° μμ‹ λ©΄ μ†΅κµ°κΈΈ 30-40', 250000,
        'μ–Έμ λ‚ μµμƒμ μ„λΉ„μ¤λ¥Ό μ κ³µν•΄λ“λ¦¬κ³  ν–‰λ³µν• μ¶”μ–µμ„ λ§λ“¤ μ μλ” μ¥μ†, μ λΉ„μΉμ…λ‹λ‹¤.',
        '061-123-4567', NOW(), 4,800,
        '/image/acm/jeonla/solbeach1.jpg',
        '/image/acm/jeonla/solbeach2.jpg',
        '/image/acm/jeonla/solbeach3.jpg',
        '/image/acm/jeonla/solbeach4.jpg'
       );

INSERT INTO tbl_acm (acm_location, acm_name, acm_address , acm_price, acm_info, acm_phone,regist_date, max_guest,liked_count, acm_photo1, acm_photo2, acm_photo3 , acm_photo4)
VALUES ('μ „λΌ','μ†λ…Έλ²¨ λ³€μ‚°','λ¶€μ•κµ° λ³€μ‚°λ©΄ λ³€μ‚°ν•΄λ³€λ΅ 51', 250000,
        'λ³€μ‚°λ°λ„μ μ•„λ¦„λ‹¤μ΄ ν•΄λ³€κ³Ό ν•¨κ» μ—¬μ λ΅μ΄ ν΄μ‹μ„ μ¦κΈΈ μ μλ” κ°€μ΅± μΉν™”ν• λ¦¬μ΅°νΈμ…λ‹λ‹¤.',
        '063-123-4567', NOW(), 4,800,
        '/image/acm/jeonla/sonobell1.jpg',
        '/image/acm/jeonla/sonobell2.jpg',
        '/image/acm/jeonla/sonobell3.jpg',
        '/image/acm/jeonla/sonobell4.jpg'
       );

INSERT INTO tbl_acm (acm_location, acm_name, acm_address , acm_price, acm_info, acm_phone,regist_date, max_guest,liked_count, acm_photo1, acm_photo2, acm_photo3)
VALUES ('μ „λΌ','μ†λ…ΈμΊ„ μ—¬μ','μ „λΌλ‚¨λ„ μ—¬μμ‹ μ¤λ™λ„λ΅ 111', 250000,
        'μ—¬μ λ°¤λ°”λ‹¤μ ν™μƒμ μΈ μ „λ§κ³Ό λ­μ…”λ¦¬ν• μ„λΉ„μ¤λ¥Ό μ κ³µν•λ” κ³ ν’κ²© νΈν…”μ…λ‹λ‹¤.',
        '061-123-4568', NOW(), 4,800,
        '/image/acm/jeonla/sonocam1.jpg',
        '/image/acm/jeonla/sonocam2.jpg',
        '/image/acm/jeonla/sonocam3.jpg'
       );

INSERT INTO tbl_acm (acm_location, acm_name, acm_address , acm_price, acm_info, acm_phone,regist_date, max_guest,liked_count, acm_photo1, acm_photo2, acm_photo3 , acm_photo4)
VALUES ('μ „λΌ','ν™€λ¦¬λ°μ΄ μΈ κ΄‘μ£ΌνΈν…”','κ΄‘μ£Όκ΄‘μ—­μ‹ μ„κµ¬ μƒλ¬΄λ„λ¦¬λ΅ 55', 250000,
        'κ΄‘μ£Όμ μ¤‘μ‹¬μ—μ„ μ„Έλ ¨λ κ°μ‹¤κ³Ό νΈλ¦¬ν• μ ‘κ·Όμ„±μ„ κ°–μ¶ λΉ„μ¦λ‹μ¤ λ° κ΄€κ΄‘κ°μ„ μ„ν• νΈν…”μ…λ‹λ‹¤.',
        '062-610-7000', NOW(), 4,800,
        '/image/acm/jeonla/holyday1.jpg',
        '/image/acm/jeonla/holyday2.jpg',
        '/image/acm/jeonla/holyday3.jpg',
        '/image/acm/jeonla/holyday4.jpg'
       );

INSERT INTO tbl_acm (acm_location, acm_name, acm_address , acm_price, acm_info, acm_phone,regist_date, max_guest,liked_count, acm_photo1, acm_photo2, acm_photo3)
VALUES ('μ „λΌ','λ² μ¤νΈμ›¨μ¤ν„΄ν”λ¬μ¤ μ „μ£ΌνΈν…”','μ „λΌλ¶λ„ μ „μ£Όμ‹ μ™„μ‚°κµ¬ ν„λ¬΄1κΈΈ 4', 250000,
        'μ „μ£Ό ν•μ¥λ§μ„κ³Ό κ°€κΉμ΄ μµμ μ μ„μΉμ—μ„ νΈμ•ν• μ™λ°•μ„ μ κ³µν•λ” λ¨λν• μ¤νƒ€μΌμ νΈν…”μ…λ‹λ‹¤.',
        '063-123-4569', NOW(), 4,800,
        '/image/acm/jeonla/western1.jpg',
        '/image/acm/jeonla/western2.jpg',
        '/image/acm/jeonla/western3.jpg'
       );
-- π“ κ²½μƒ μ§€μ—­ νΈν…” λ°μ΄ν„°

INSERT INTO tbl_acm (acm_location, acm_name, acm_address , acm_price, acm_info, acm_phone,regist_date, max_guest,liked_count, acm_photo1, acm_photo2, acm_photo3 , acm_photo4,acm_photo5)
VALUES ('κ²½μƒ','κ·Έλλ“ λ¨Ένμ–΄ μ•°λ°°μ„λ”','μ°½μ›  κ²½μƒλ‚¨λ„ μ°½μ›μ‹ μμ°½κµ¬ μ›μ΄λ€λ΅ 332', 250000,
        'ν’κ²© μλ” μ„λΉ„μ¤μ™€ λ¨λν• μΈν…λ¦¬μ–΄λ¥Ό κ°–μ¶ κ³ κΈ‰ λ μ§€λμ¤ νΈν…”λ΅, μ¥κΈ° ν¬μ™κ°μ—κ² μµμ ν™”λ μ™μ†μ…λ‹λ‹¤.',
        '063-123-4569', NOW(), 4,800,
        '/image/acm/gueongsang/grand1.jpg',
        '/image/acm/gueongsang/grand2.jpg',
        '/image/acm/gueongsang/grand3.jpg',
        '/image/acm/gueongsang/grand4.jpg',
        '/image/acm/gueongsang/grand5.jpg'
       );

INSERT INTO tbl_acm (acm_location, acm_name, acm_address , acm_price, acm_info, acm_phone,regist_date, max_guest,liked_count, acm_photo1, acm_photo2, acm_photo3 , acm_photo4,acm_photo5)
VALUES ('κ²½μƒ','ν† μ”μ½”μΈ μ°½μ›','κ²½μƒλ‚¨λ„ μ°½μ›μ‹ μ„±μ‚°κµ¬ μ¤‘μ•™λ€λ΅ 93', 250000,
        'ν•©λ¦¬μ μΈ κ°€κ²©κ³Ό κΉ”λ”ν• κ°μ‹¤μ„ μ κ³µν•λ” λΉ„μ¦λ‹μ¤ νΈν…”λ΅, μ°½μ› μ¤‘μ‹¬μ—μ„ νΈλ¦¬ν• μ™λ°•μ„ μ κ³µν•©λ‹λ‹¤.',
        '055-282-1045', NOW(), 4,800,
        '/image/acm/gueongsang/toyo1.jpg',
        '/image/acm/gueongsang/toyo2.jpg',
        '/image/acm/gueongsang/toyo3.jpg',
        '/image/acm/gueongsang/toyo4.jpg',
        '/image/acm/gueongsang/toyo5.jpg'
       );

INSERT INTO tbl_acm (acm_location, acm_name, acm_address , acm_price, acm_info, acm_phone,regist_date, max_guest,liked_count, acm_photo1, acm_photo2, acm_photo3 , acm_photo4,acm_photo5)
VALUES ('κ²½μƒ','λ§μ‚°κ΄€κ΄‘νΈν…”','κ²½μƒλ‚¨λ„ μ°½μ›μ‹ λ§μ‚°ν•©ν¬κµ¬ μμ‚°1κΈΈ 285', 250000,
        'λ§μ‚°λ§μ λ©‹μ§„ μ „λ§κ³Ό ν•¨κ» μ „ν†µμ μΈ νΈν…” μ„λΉ„μ¤κ°€ μ΅°ν™”λ¥Ό μ΄λ£¨λ” νΈμ•ν• μ™μ†μ…λ‹λ‹¤.',
        '055-123-4567', NOW(), 4,800,
        '/image/acm/gueongsang/masan1.jpg',
        '/image/acm/gueongsang/masan2.jpg',
        '/image/acm/gueongsang/masan3.jpg',
        '/image/acm/gueongsang/masan4.jpg',
        '/image/acm/gueongsang/masan5.jpg'
       );


INSERT INTO tbl_acm (acm_location, acm_name, acm_address , acm_price, acm_info, acm_phone,regist_date, max_guest,liked_count, acm_photo1, acm_photo2, acm_photo3 , acm_photo4,acm_photo5)
VALUES ('κ²½μƒ','λ΅―λ°νΈν…” κΉ€ν•΄','κ²½μƒλ‚¨λ„ κΉ€ν•΄μ‹ μ¥μ λ΅ 38λ²κΈΈ 33', 250000,
        'κΉ€ν•΄κ³µν•­κ³Ό κ°€κΉμ΄ μ„μΉμ— μλ¦¬ν• λ­μ…”λ¦¬ νΈν…”λ΅, λΉ„μ¦λ‹μ¤μ™€ μ—¬ν–‰κ° λ¨λ‘μ—κ² μµμ μ νΈμ μ‹μ„¤μ„ μ κ³µν•©λ‹λ‹¤.',
        '055-123-4568', NOW(), 4,800,
        '/image/acm/gueongsang/lotte1.jpg',
        '/image/acm/gueongsang/lotte2.jpg',
        '/image/acm/gueongsang/lotte3.jpg',
        '/image/acm/gueongsang/lotte4.jpg',
        '/image/acm/gueongsang/lotte5.jpg'
       );

INSERT INTO tbl_acm (acm_location, acm_name, acm_address , acm_price, acm_info, acm_phone,regist_date, max_guest,liked_count, acm_photo1, acm_photo2, acm_photo3 , acm_photo4,acm_photo5)
VALUES ('κ²½μƒ','STX λ¦¬μ΅°νΈ λ¬Έκ²½','κ²½μƒλ¶λ„ λ¬Έκ²½μ‹ λ†μ•”λ©΄ μ²­ν™”λ΅ 509', 250000,
        'κ°€μ¥ ν•κµ­μ μΈ κ³³ κ²½μ£Ό, μ„Έλ ¨λ κ°κ°μ μΈν…λ¦¬μ–΄ ννΌνΈν…”μ—μ„μ νΉλ³„ν• ν•λ£¨',
        '054-123-4569', NOW(), 4,800,
        '/image/acm/gueongsang/stx1.jpg',
        '/image/acm/gueongsang/stx2.jpg',
        '/image/acm/gueongsang/stx3.jpg',
        '/image/acm/gueongsang/stx4.jpg',
        '/image/acm/gueongsang/stx5.jpg'
       );

INSERT INTO tbl_cart (member_code, acm_id) VALUES
                                               (101, 101),
                                               (101, 201),
                                               (102, 202),
                                               (102, 203),
                                               (103, 101),
                                               (103, 202),
                                               (104, 203),
                                               (104, 301),
                                               (105, 303),
                                               (106, 305);


INSERT INTO tbl_pay (
    pay_id, member_code, acm_id, pay_method, pay_status, pay_type, pay_date,
    pay_price, discount, pay_ref, transaction_id, pay_provider
) VALUES
-- 1λ² κ²°μ  λ°μ΄ν„° (μΉ΄μΉ΄μ¤νμ΄, κ²°μ μ™„λ£)
(1, 101, 101, 'μΉ΄λ“κ²°μ ', 1, 'μΉ΄λ“', '2025-03-11 14:25:00',
 150000, 5000, 0, 'TID1234567890', 'KAKAO'),

(2, 102, 102, 'κ°„νΈκ²°μ ', 1, 'λ„¤μ΄λ²„νμ΄', '025-03-14 11:30:00',
 130000, 5000, 0, 'TID1122334455', 'NAVER'),

-- 2λ² κ²°μ  λ°μ΄ν„° (ν† μ¤νμ΄, κ²°μ μ·¨μ†)
(3, 103, 103, 'κ°„νΈκ²°μ ', 2, 'κ³„μΆμ΄μ²΄', '2025-03-12 10:10:00',
 200000, 5000, 200000, 'TID0987654321', 'TOSS'),

-- 3λ² κ²°μ  λ°μ΄ν„° (μ΄λ‹μ‹μ¤, ν™λ¶μ™„λ£)
(4, 104, 203, 'μΉ΄λ“κ²°μ ', 2, 'μ‹ ν•μΉ΄λ“', '2025-03-15 16:20:00',
 170000, 5000, 170000, 'TID5566778899', 'SHINHAN'),

(5, 105, 301, 'μΉ΄λ“κ²°μ ', 3, 'μΉ΄λ“', '2025-03-13 18:45:00',
 180000, 5000, 180000, 'TID5678901234', 'INICIS'),

(6, 106, 401, 'μΉ΄λ“κ²°μ ', 3, 'μΉ΄μΉ΄μ¤νμ΄', '2025-03-16 09:00:00',
 140000, 5000, 140000, 'TID7788990011', 'KAKAO');

-- κ²μ‹ν κ΄€λ ¨ dml

-- κ³µμ§€μ‚¬ν•­ (board_type = 1) 20κ°
INSERT INTO `tbl_board_posts` (`member_code`, `board_type`, `title`, `content`, `created_at`, `updated_at`) VALUES
(1, 1, 'μ λ””κ³  μ„λΉ„μ¤ κ°νΈ μ•λ‚΄', 'μ•λ…•ν•μ„Έμ”, μ λ””κ³  νμ› μ—¬λ¬λ¶„! λ” λ‚μ€ μ„λΉ„μ¤ μ κ³µμ„ μ„ν•΄ 2025λ…„ 4μ›” 1μΌλ¶€ν„° μ›Ήμ‚¬μ΄νΈμ™€ μ•±μ΄ μ „λ©΄ κ°νΈλ©λ‹λ‹¤. μƒλ΅μ΄ λ””μμΈκ³Ό ν•¨κ» μμ•½ ν”„λ΅μ„Έμ¤κ°€ κ°„μ†ν™”λκ³ , μ‹¤μ‹κ°„ λ¦¬λ·° μ‹μ¤ν…μ΄ λ„μ…λ©λ‹λ‹¤. μ΄μ©μ— μ°Έκ³  λ¶€νƒλ“λ¦½λ‹λ‹¤.', NOW(), NULL),
(1, 1, 'μ—¬λ¦„ μ„±μκΈ° μμ•½ μ¤ν” μ•λ‚΄', '2025λ…„ μ—¬λ¦„ μ„±μκΈ°(7μ›” 1μΌλ¶€ν„° 8μ›” 31μΌκΉμ§€) μμ•½μ΄ 5μ›” 1μΌλ¶€ν„° μ‹μ‘λ©λ‹λ‹¤. μΈκΈ° μ™μ†λ” μ΅°κΈ° λ§κ°λ  μ μμΌλ‹ μ„λ‘λ¥΄μ„Έμ”! μ–Όλ¦¬λ²„λ“ μμ•½ μ‹ μµλ€ 15% ν• μΈ ννƒμ„ λ†“μΉμ§€ λ§μ„Έμ”.', NOW(), NULL),
(1, 1, 'κ²°μ  μ‹μ¤ν… μ κ²€ μ•λ‚΄', 'μ‹μ¤ν… μ •κΈ° μ κ²€μΌλ΅ μΈν•΄ 2025λ…„ 3μ›” 15μΌ μ¤μ „ 2μ‹λ¶€ν„° 6μ‹κΉμ§€ κ²°μ  μ„λΉ„μ¤ μ΄μ©μ΄ μ ν•λ©λ‹λ‹¤. ν•΄λ‹Ή μ‹κ°„μ—λ” μμ•½μ€ κ°€λ¥ν•λ‚ κ²°μ  μ§„ν–‰μ€ μ–΄λ ¤μ°λ‹ μ–‘ν•΄ λ¶€νƒλ“λ¦½λ‹λ‹¤.', NOW(), NULL),
(1, 1, 'μ‹ κ· μ ν΄ μ™μ† μ•λ‚΄', 'μ λ””κ³ μ— μƒλ΅­κ² 100μ—¬ κ°μ ν”„λ¦¬λ―Έμ—„ μ™μ†κ°€ μ¶”κ°€λμ—μµλ‹λ‹¤. μ μ£Όλ„, κ°•μ›λ„ μ§€μ—­μ λ­μ…”λ¦¬ ν’€λΉλΌλ¶€ν„° μ„μΈμ λ¶€ν‹°ν¬ νΈν…”κΉμ§€ λ‹¤μ–‘ν• μ™μ†λ¥Ό λ§λ‚λ³΄μ„Έμ”. μ‹ κ· μ™μ† μ²« μμ•½ μ‹ 10% ν• μΈ μΏ ν°μ΄ μλ™ μ§€κΈ‰λ©λ‹λ‹¤.', NOW(), NULL),
(1, 1, 'μ•± μ „μ© νΉκ°€ μƒν’ μ•λ‚΄', 'μ λ””κ³  μ•±μ—μ„λ§ λ§λ‚λ³Ό μ μλ” νΉκ°€ μƒν’μ΄ λ§¤μ£Ό μ—…λ°μ΄νΈλ©λ‹λ‹¤. μµλ€ 50% ν• μΈλ κ°€κ²©μΌλ΅ ν”„λ¦¬λ―Έμ—„ μ™μ†λ¥Ό κ²½ν—ν•΄λ³΄μ„Έμ”. μ•± ν‘Έμ‹ μ•λ¦Ό μ„¤μ • μ‹ νΉκ°€ μ¤ν” μ†μ‹μ„ κ°€μ¥ λ¨Όμ € λ°›μ•„λ³΄μ‹¤ μ μμµλ‹λ‹¤.', NOW(), NULL),
(1, 1, 'λ¦¬λ·° μ‘μ„± μ΄λ²¤νΈ μ•λ‚΄', '2025λ…„ 4μ›” ν• λ‹¬κ°„ μ™μ† μ΄μ© ν›„ λ¦¬λ·°λ¥Ό μ‘μ„±ν•΄μ£Όμ‹λ©΄ μ¶”μ²¨μ„ ν†µν•΄ 100λ…μ—κ² μ λ””κ³  ν¬μΈνΈ 10λ§ μ μ„ λ“λ¦½λ‹λ‹¤. μ‚¬μ§„κ³Ό ν•¨κ» μƒμ„Έν• λ¦¬λ·°λ¥Ό λ‚¨κ²¨μ£Όμ‹λ©΄ λ‹Ήμ²¨ ν™•λ¥ μ΄ 2λ°° λ†’μ•„μ§‘λ‹λ‹¤!', NOW(), NULL),
(1, 1, 'μ λ””κ³  λ©¤λ²„μ‹­ ν”„λ΅κ·Έλ¨ κ°νΈ', 'μ λ””κ³  λ©¤λ²„μ‹­ ν”„λ΅κ·Έλ¨μ΄ 2025λ…„ 5μ›” 1μΌλ¶€ν„° μƒλ΅­κ² κ°νΈλ©λ‹λ‹¤. κΈ°μ΅΄ 3λ‹¨κ³„μ—μ„ 5λ‹¨κ³„λ΅ ν™•λ€λλ©°, λ“±κΈ‰λ³„ ννƒμ΄ λ”μ± κ°•ν™”λ©λ‹λ‹¤. λν• ν¬μΈνΈ μ λ¦½λ¥ μ΄ μµλ€ 5%λ΅ μƒν–¥λλ‹ λ§μ€ μ΄μ© λ°”λλ‹λ‹¤.', NOW(), NULL),
(1, 1, 'μ™μ† κ²€μƒ‰ ν•„ν„° κΈ°λ¥ κ°•ν™”', 'κ³ κ°λ‹μ λ” λ‚μ€ κ²€μƒ‰ κ²½ν—μ„ μ„ν•΄ μ™μ† κ²€μƒ‰ ν•„ν„° κΈ°λ¥μ΄ κ°•ν™”λμ—μµλ‹λ‹¤. μ΄μ  μ£Όλ³€ κ΄€κ΄‘μ§€, λ¶€λ€μ‹μ„¤, κ°μ‹¤ λ‚΄ μ‹μ„¤ λ“± λ” μ„Έλ¶„ν™”λ μ΅°κ±΄μΌλ΅ μ›ν•λ” μ™μ†λ¥Ό μ°Ύμ„ μ μμµλ‹λ‹¤.', NOW(), NULL),
(1, 1, 'μ—°ν΄ κΈ°κ°„ κ³ κ°μ„Όν„° μ΄μ μ•λ‚΄', 'μ¶”μ„ μ—°ν΄ κΈ°κ°„(2025λ…„ 9μ›” 10μΌ~9μ›” 12μΌ) λ™μ• κ³ κ°μ„Όν„° μ΄μ μ‹κ°„μ΄ μ¤μ „ 10μ‹λ¶€ν„° μ¤ν›„ 4μ‹κΉμ§€λ΅ λ‹¨μ¶•λ©λ‹λ‹¤. κΈ΄κΈ‰ λ¬Έμλ” μ•± λ‚΄ 1:1 μ±„ν…μΌλ΅ μ ‘μν•΄ μ£Όμ‹λ©΄ μμ°¨μ μΌλ΅ λ‹µλ³€ λ“λ¦¬κ² μµλ‹λ‹¤.', NOW(), NULL),
(1, 1, 'κ°μΈμ •λ³΄ μ²λ¦¬λ°©μΉ¨ κ°μ • μ•λ‚΄', '2025λ…„ 4μ›” 1μΌλ¶€ν„° κ°μΈμ •λ³΄ μ²λ¦¬λ°©μΉ¨μ΄ κ°μ •λ©λ‹λ‹¤. μ£Όμ” λ³€κ²½ μ‚¬ν•­μΌλ΅λ” κ°μΈμ •λ³΄ λ³΄κ΄€ κΈ°κ°„ λ…ν™•ν™”, μ 3μ μ κ³µ ν•­λ© μ„Έλ¶„ν™” λ“±μ΄ μμµλ‹λ‹¤. μμ„Έν• λ‚΄μ©μ€ ν™νμ΄μ§€ ν•λ‹¨μ κ°μΈμ •λ³΄ μ²λ¦¬λ°©μΉ¨μ—μ„ ν™•μΈν•μ‹¤ μ μμµλ‹λ‹¤.', NOW(), NULL),
(1, 1, 'μ—¬λ¦„ ν΄κ°€ μ¶”μ² μ§€μ—­ νΉμ§‘', '2025λ…„ μ—¬λ¦„ ν΄κ°€ μ‹μ¦μ„ λ§μ•„ μ λ””κ³ μ—μ„ μ—„μ„ ν• μ¨μ€ μ—¬ν–‰μ§€λ¥Ό μ†κ°ν•©λ‹λ‹¤. λ¶λΉ„λ” κ΄€κ΄‘μ§€ λ€μ‹  ν•μ ν• ν•΄λ³€κ³Ό μ‚°μ† λ¦¬μ΅°νΈ, μ΄μƒ‰ ν…λ§ μ™μ†κΉμ§€ λ‹¤μ–‘ν• μ¶”μ² μ™μ†λ¥Ό μ λ””κ³  λ©”μΈ νμ΄μ§€μ—μ„ λ§λ‚λ³΄μ„Έμ”.', NOW(), NULL),
(1, 1, 'λ¨λ°”μΌ μ²­κµ¬μ„ μ„λΉ„μ¤ μ¤ν”', 'μ΄μ  μ λ””κ³ μ—μ„ μμ•½ν• λ¨λ“  μ™μ†μ μμμ¦κ³Ό μ²­κµ¬μ„λ¥Ό λ¨λ°”μΌλ΅ κ°„νΈν•κ² λ°›μ•„λ³΄μ‹¤ μ μμµλ‹λ‹¤. λ§μ΄νμ΄μ§€ > μμ•½λ‚΄μ—­μ—μ„ μ–Έμ λ“ μ§€ ν™•μΈ λ° λ‹¤μ΄λ΅λ“ κ°€λ¥ν•©λ‹λ‹¤.', NOW(), NULL),
(1, 1, 'μ ν΄ λ ν„°μΉ΄ μ„λΉ„μ¤ μ•λ‚΄', 'μ λ””κ³ μ—μ„ μ™μ† μμ•½ μ‹ μ ν΄ λ ν„°μΉ΄λ¥Ό ν•¨κ» μμ•½ν•λ©΄ μµλ€ 30% ν• μΈ ννƒμ„ λ“λ¦½λ‹λ‹¤. μ™μ† μμ•½ μ™„λ£ νμ΄μ§€μ—μ„ λ ν„°μΉ΄ μµμ…μ„ ν™•μΈν•΄λ³΄μ„Έμ”.', NOW(), NULL),
(1, 1, 'μ λ””κ³  μΉκµ¬ μ¶”μ² ν”„λ΅κ·Έλ¨', 'μΉκµ¬μ—κ² μ λ””κ³ λ¥Ό μ¶”μ²ν•κ³  νΉλ³„ν• ννƒμ„ λ°›μΌμ„Έμ”! μ¶”μ²μΈκ³Ό μ‹ κ· κ°€μ…μ λ¨λ‘μ—κ² 2λ§μ› ν• μΈ μΏ ν°μ„ λ“λ¦½λ‹λ‹¤. λ§μ΄νμ΄μ§€ > μΉκµ¬ μ΄λ€ν•κΈ° λ©”λ‰΄μ—μ„ μ΄λ€ λ§ν¬λ¥Ό κ³µμ ν•΄λ³΄μ„Έμ”.', NOW(), NULL),
(1, 1, 'μ™μ† μμ•½ μ·¨μ† μ •μ±… λ³€κ²½ μ•λ‚΄', '2025λ…„ 5μ›” 1μΌλ¶€ν„° μ™μ† μμ•½ μ·¨μ† μ •μ±…μ΄ μΌλ¶€ λ³€κ²½λ©λ‹λ‹¤. μ²΄ν¬μΈ 7μΌ μ „κΉμ§€λ” 100% ν™λ¶, 3~6μΌ μ „μ€ 70% ν™λ¶, 2μΌ μ „λ¶€ν„°λ” ν™λ¶ λ¶κ°€λ΅ μ΅°μ •λ©λ‹λ‹¤. λ‹¨, μ™μ†λ³„λ΅ μ·¨μ† μ •μ±…μ΄ λ‹¤λ¥Ό μ μμΌλ‹ μμ•½ μ „ λ°λ“μ‹ ν™•μΈν•΄μ£Όμ„Έμ”.', NOW(), NULL),
(1, 1, 'μ λ””κ³  λΉ„μ¦λ‹μ¤ μ„λΉ„μ¤ μ¶μ‹', 'μ¶μ¥μ΄ μ¦μ€ λΉ„μ¦λ‹μ¤ κ³ κ°μ„ μ„ν• μ λ””κ³  λΉ„μ¦λ‹μ¤ μ„λΉ„μ¤κ°€ μ¶μ‹λμ—μµλ‹λ‹¤. λ²•μΈ νμ› κ°€μ… μ‹ μ „μ© λ€μ‹λ³΄λ“ μ κ³µ, μ„ΈκΈκ³„μ‚°μ„ μλ™ λ°ν–‰, μ¶μ¥ λ³΄κ³ μ„ μƒμ„± λ“± νΈλ¦¬ν• κΈ°λ¥μ„ μ΄μ©ν•΄λ³΄μ„Έμ”.', NOW(), NULL),
(1, 1, 'μ—¬λ¦„ μ„±μκΈ° μΈκΈ° μ™μ† μ•λ‚΄', '2025λ…„ μ—¬λ¦„ μ„±μκΈ° μΈκΈ° μμƒ μ™μ† λ¦¬μ¤νΈλ¥Ό κ³µκ°ν•©λ‹λ‹¤. μ‘λ…„ μμ•½λ¥  λ°μ΄ν„°λ¥Ό κΈ°λ°μΌλ΅ μ„ μ •λ μ™μ†λ“¤λ΅, μ΅°κΈ° μμ•½μ„ μ¶”μ²λ“λ¦½λ‹λ‹¤. μΈκΈ° μ™μ† λ©λ΅μ€ λ©”μΈ νμ΄μ§€ λ°°λ„μ—μ„ ν™•μΈν•μ‹¤ μ μμµλ‹λ‹¤.', NOW(), NULL),
(1, 1, 'μ λ””κ³  ν¬μΈνΈ μ†λ©Έ μ•λ‚΄', '2023λ…„ μƒλ°κΈ°μ— μ λ¦½λ μ λ””κ³  ν¬μΈνΈκ°€ 2025λ…„ 6μ›” 30μΌμ— μ†λ©Έλ  μμ •μ…λ‹λ‹¤. μ†λ©Έ μμ • ν¬μΈνΈλ” λ§μ΄νμ΄μ§€μ—μ„ ν™•μΈ κ°€λ¥ν•λ©°, μ†λ©Έ μ „ μ‚¬μ©ν•μ‹μ–΄ ννƒμ„ λ†“μΉμ§€ λ§μ„Έμ”.', NOW(), NULL),
(1, 1, 'μ™μ† μ•μ „ μΈμ¦μ  λ„μ…', 'κ³ κ°λ‹μ μ•μ „ν• μ™λ°•μ„ μ„ν•΄ μ λ””κ³  μ•μ „ μΈμ¦μ λ¥Ό λ„μ…ν•©λ‹λ‹¤. μ†λ°© μ•μ „, μ„μƒ κ΄€λ¦¬, λ³΄μ• μ‹μ¤ν… λ“± μ—„κ²©ν• κΈ°μ¤€μ„ ν†µκ³Όν• μ™μ†μ— μ•μ „ μΈμ¦ λ§ν¬κ°€ λ¶€μ—¬λ©λ‹λ‹¤. μΈμ¦ μ™μ†λ” κ²€μƒ‰ ν•„ν„°μ—μ„ λ³„λ„λ΅ ν™•μΈν•μ‹¤ μ μμµλ‹λ‹¤.', NOW(), NULL),
(1, 1, 'μ§€μ—­ νΉμ‚°ν’ μ¦μ • μ΄λ²¤νΈ', '2025λ…„ 5μ›” ν• λ‹¬κ°„ μ§€λ°© μ†μ¬ μ™μ† μμ•½ μ‹ ν•΄λ‹Ή μ§€μ—­ νΉμ‚°ν’μ„ μ¦μ •ν•©λ‹λ‹¤. μ μ£Ό κ°κ·¤, κ²½λ¶ μ‚¬κ³Ό, μ „λ‚¨ λ…Ήμ°¨ λ“± λ‹¤μ–‘ν• νΉμ‚°ν’μΌλ΅ μ—¬ν–‰μ μ¦κ±°μ›€μ„ λ”ν•μ„Έμ”. μ΄λ²¤νΈ μ°Έμ—¬ μ™μ†λ” μƒμ„Έ νμ΄μ§€μ— λ³„λ„ ν‘κΈ°λ©λ‹λ‹¤.', NOW(), NULL),

-- FAQ (board_type = 2) 20κ°
(1, 2, 'μμ•½μ€ μ–΄λ–»κ² ν•λ‚μ”?', 'μ λ””κ³  μ›Ήμ‚¬μ΄νΈλ‚ μ•±μ—μ„ μ›ν•λ” μ§€μ—­, λ‚ μ§, μΈμ›μλ¥Ό μ…λ ¥ν•μ—¬ μ™μ†λ¥Ό κ²€μƒ‰ν•  μ μμµλ‹λ‹¤. λ§μμ— λ“λ” μ™μ†λ¥Ό μ„ νƒν• ν›„ κ°μ‹¤ νƒ€μ…κ³Ό μµμ…μ„ μ„ νƒν•κ³  κ²°μ λ¥Ό μ§„ν–‰ν•λ©΄ μμ•½μ΄ μ™„λ£λ©λ‹λ‹¤. μμ•½ ν™•μΈ λ©”μΌκ³Ό SMSκ°€ μλ™μΌλ΅ λ°μ†΅λλ©°, λ§μ΄νμ΄μ§€μ—μ„λ„ μμ•½ λ‚΄μ—­μ„ ν™•μΈν•  μ μμµλ‹λ‹¤.', NOW(), NULL),
(1, 2, 'μμ•½ μ·¨μ†λ” μ–΄λ–»κ² ν•λ‚μ”?', 'λ§μ΄νμ΄μ§€ > μμ•½λ‚΄μ—­μ—μ„ μ·¨μ†ν•λ ¤λ” μμ•½μ„ μ„ νƒν• ν›„ μ·¨μ† λ²„νΌμ„ ν΄λ¦­ν•λ©΄ λ©λ‹λ‹¤. μ·¨μ† μμλ£λ” μ™μ†λ³„ μ·¨μ† μ •μ±…μ— λ”°λΌ λ‹¤λ¥΄λ©°, μμ•½ μ‹ μ•λ‚΄λ μ·¨μ† μ •μ±…μ„ μ°Έκ³ ν•΄ μ£Όμ„Έμ”. μ·¨μ† μ™„λ£ ν›„μ—λ” μ·¨μ† ν™•μΈ λ©”μΌμ΄ λ°μ†΅λ©λ‹λ‹¤.', NOW(), NULL),
(1, 2, 'κ²°μ  λ°©λ²•μ€ μ–΄λ–¤ κ²ƒμ΄ μλ‚μ”?', 'μ‹ μ©μΉ΄λ“, μ²΄ν¬μΉ΄λ“, μΉ΄μΉ΄μ¤νμ΄, λ„¤μ΄λ²„νμ΄, ν† μ¤, ν΄λ€ν° μ†μ•΅κ²°μ , μ‹¤μ‹κ°„ κ³„μΆμ΄μ²΄ λ“± λ‹¤μ–‘ν• κ²°μ  λ°©λ²•μ„ μ κ³µν•©λ‹λ‹¤. μΌλ¶€ μ™μ†λ” ν„μ¥ κ²°μ λ„ κ°€λ¥ν•λ©°, μ΄ κ²½μ° μμ•½ μ‹ λ³„λ„ ν‘κΈ°λ©λ‹λ‹¤.', NOW(), NULL),
(1, 2, 'μμ•½ ν™•μΈμ„λ” μ–΄λ–»κ² λ°›μ„ μ μλ‚μ”?', 'μμ•½ μ™„λ£ ν›„ λ“±λ΅λ μ΄λ©”μΌλ΅ μλ™ λ°μ†΅λλ©°, λ§μ΄νμ΄μ§€ > μμ•½λ‚΄μ—­μ—μ„λ„ μ–Έμ λ“ μ§€ ν™•μΈ λ° μ¶λ ¥μ΄ κ°€λ¥ν•©λ‹λ‹¤. λ¨λ°”μΌ μ•±μ—μ„λ” μμ•½ μƒμ„Έ νμ΄μ§€μ—μ„ μμ•½ ν™•μΈμ„λ¥Ό ν™•μΈν•  μ μμµλ‹λ‹¤.', NOW(), NULL),
(1, 2, 'μ λ””κ³  ν¬μΈνΈλ” μ–΄λ–»κ² μ λ¦½λλ‚μ”?', 'μ™μ† μ΄μ© κΈμ•΅μ 1~3%(νμ› λ“±κΈ‰μ— λ”°λΌ μƒμ΄)κ°€ μλ™μΌλ΅ ν¬μΈνΈλ΅ μ λ¦½λ©λ‹λ‹¤. μ¶”κ°€λ΅ λ¦¬λ·° μ‘μ„± μ‹ 500ν¬μΈνΈ, μΉκµ¬ μ¶”μ² μ‹ 2,000ν¬μΈνΈ λ“± λ‹¤μ–‘ν• λ°©λ²•μΌλ΅ ν¬μΈνΈλ¥Ό λ¨μ„ μ μμµλ‹λ‹¤. μ λ¦½λ ν¬μΈνΈλ” λ‹¤μ μμ•½ μ‹ 1ν¬μΈνΈ = 1μ›μΌλ΅ μ‚¬μ© κ°€λ¥ν•©λ‹λ‹¤.', NOW(), NULL),
(1, 2, 'μμ•½ λ³€κ²½μ΄ κ°€λ¥ν•κ°€μ”?', 'λ€λ¶€λ¶„μ μ™μ†λ” μ²΄ν¬μΈ 3μΌ μ „κΉμ§€ λ‚ μ§ λ³€κ²½μ΄ κ°€λ¥ν•©λ‹λ‹¤. λ§μ΄νμ΄μ§€ > μμ•½λ‚΄μ—­μ—μ„ λ³€κ²½ν•λ ¤λ” μμ•½μ„ μ„ νƒν• ν›„ λ³€κ²½ λ²„νΌμ„ ν΄λ¦­ν•μ„Έμ”. λ‹¨, μ™μ†λ³„λ΅ λ³€κ²½ μ •μ±…μ΄ λ‹¤λ¥Ό μ μμΌλ©°, κ°μ‹¤ νƒ€μ… λ³€κ²½μ€ μ·¨μ† ν›„ μ¬μμ•½ν•΄μ•Ό ν•  μ μμµλ‹λ‹¤.', NOW(), NULL),
(1, 2, 'λ―Έμ„±λ…„μλ„ μμ•½μ΄ κ°€λ¥ν•κ°€μ”?', 'λ§ 18μ„Έ μ΄μƒλ¶€ν„° μμ•½μ΄ κ°€λ¥ν•©λ‹λ‹¤. λ―Έμ„±λ…„μμ κ²½μ° λ³΄νΈμ λ™λ° λλ” λ™μκ°€ ν•„μ”ν•λ©°, μΌλ¶€ μ™μ†λ” μ²΄ν¬μΈ μ‹ μ‹ λ¶„μ¦μ„ ν™•μΈν•  μ μμµλ‹λ‹¤. μμ„Έν• μ‚¬ν•­μ€ κ° μ™μ†μ μ΄μ© κ·μ •μ„ ν™•μΈν•΄ μ£Όμ„Έμ”.', NOW(), NULL),
(1, 2, 'μμ•½ μ‹ ν•„μ”ν• μ •λ³΄λ” λ¬΄μ—‡μΈκ°€μ”?', 'μμ•½μ μ΄λ¦„, μ—°λ½μ², μ΄λ©”μΌ μ£Όμ†κ°€ κΈ°λ³Έμ μΌλ΅ ν•„μ”ν•©λ‹λ‹¤. λν• ν¬μ™κ° μ •λ³΄(μΈμ›μ, μ•„λ™ ν¬ν•¨ μ—¬λ¶€)μ™€ κ²°μ  μ •λ³΄κ°€ ν•„μ”ν•©λ‹λ‹¤. μΌλ¶€ μ™μ†λ” μ°¨λ‰ μ •λ³΄λ‚ λ„μ°© μμ • μ‹κ°„ λ“± μ¶”κ°€ μ •λ³΄λ¥Ό μ”μ²­ν•  μ μμµλ‹λ‹¤.', NOW(), NULL),
(1, 2, 'μμμ¦μ΄λ‚ μ„ΈκΈκ³„μ‚°μ„ λ°κΈ‰μ΄ κ°€λ¥ν•κ°€μ”?', 'κ°μΈ μμμ¦μ€ λ§μ΄νμ΄μ§€ > μμ•½λ‚΄μ—­μ—μ„ μ§μ ‘ μ¶λ ¥ κ°€λ¥ν•©λ‹λ‹¤. μ„ΈκΈκ³„μ‚°μ„κ°€ ν•„μ”ν• κ²½μ°, μμ•½ μ „ μ”μ²­μ‚¬ν•­μ— κΈ°μ¬ν•κ±°λ‚ μμ•½ ν›„ κ³ κ°μ„Όν„°λ΅ μ‚¬μ—…μλ“±λ΅μ¦μ„ μ²¨λ¶€ν•μ—¬ μ”μ²­ν•΄ μ£Όμ„Έμ”. μ²΄ν¬μ•„μ›ƒ ν›„ 7μΌ μ΄λ‚΄μ— μ”μ²­ν•μ…”μ•Ό λ°κΈ‰ κ°€λ¥ν•©λ‹λ‹¤.', NOW(), NULL),
(1, 2, 'μμ•½ ν›„ κ°μ‹¤ νƒ€μ… λ³€κ²½μ΄ κ°€λ¥ν•κ°€μ”?', 'λ€λ¶€λ¶„μ κ²½μ° κ°μ‹¤ νƒ€μ… λ³€κ²½μ€ κΈ°μ΅΄ μμ•½ μ·¨μ† ν›„ μ¬μμ•½ν•΄μ•Ό ν•©λ‹λ‹¤. λ‹¨, λ™μΌ μ™μ† λ‚΄μ—μ„ μƒμ„ κ°μ‹¤λ΅μ μ—…κ·Έλ μ΄λ“λ” κ°€λ¥ν• κ²½μ°κ°€ μμΌλ‹ κ³ κ°μ„Όν„°λ΅ λ¬Έμν•΄ μ£Όμ„Έμ”. μ·¨μ† μμλ£κ°€ λ°μƒν•  μ μμΌλ‹ μ μν•μ‹κΈ° λ°”λλ‹λ‹¤.', NOW(), NULL),
(1, 2, 'μ²΄ν¬μΈκ³Ό μ²΄ν¬μ•„μ›ƒ μ‹κ°„μ€ μ–΄λ–»κ² λλ‚μ”?', 'μΌλ°μ μΌλ΅ μ²΄ν¬μΈμ€ μ¤ν›„ 2μ‹λ¶€ν„°, μ²΄ν¬μ•„μ›ƒμ€ μ¤μ „ 11μ‹κΉμ§€μ…λ‹λ‹¤. λ‹¨, μ™μ†λ³„λ΅ μ‹κ°„μ΄ λ‹¤λ¥Ό μ μμΌλ‹ μμ•½ ν™•μΈμ„λ‚ μ™μ† μƒμ„Έ νμ΄μ§€μ—μ„ μ •ν™•ν• μ‹κ°„μ„ ν™•μΈν•΄ μ£Όμ„Έμ”. μ–Όλ¦¬ μ²΄ν¬μΈμ΄λ‚ λ μ΄νΈ μ²΄ν¬μ•„μ›ƒμ€ μ™μ†μ— μ§μ ‘ λ¬Έμν•μ‹κΈ° λ°”λλ‹λ‹¤.', NOW(), NULL),
(1, 2, 'μμ•½ μ‹ μ”μ²­μ‚¬ν•­μ„ λ‚¨κΈΈ μ μλ‚μ”?', 'λ„¤, μμ•½ κ³Όμ • μ¤‘ μ”μ²­μ‚¬ν•­ μ…λ ¥λ€μ— νΉλ³„ μ”μ²­μ‚¬ν•­μ„ λ‚¨κΈΈ μ μμµλ‹λ‹¤. μλ¥Ό λ“¤μ–΄ λ¦μ€ μ²΄ν¬μΈ, μΈµμ μ§€μ •, μΉ¨κµ¬ μ¶”κ°€ λ“±μ μ”μ²­μ΄ κ°€λ¥ν•©λ‹λ‹¤. λ‹¨, λ¨λ“  μ”μ²­μ€ μ™μ†μ μƒν™©μ— λ”°λΌ μλ½ μ—¬λ¶€κ°€ κ²°μ •λλ©° μ¶”κ°€ λΉ„μ©μ΄ λ°μƒν•  μ μμµλ‹λ‹¤.', NOW(), NULL),
(1, 2, 'μμ•½ ν™•μ •μ€ μ–Έμ  λλ‚μ”?', 'κ²°μ  μ™„λ£ μ¦‰μ‹ μμ•½μ΄ ν™•μ •λλ©°, μμ•½ ν™•μΈ λ©”μΌκ³Ό SMSκ°€ λ°μ†΅λ©λ‹λ‹¤. λ‹¨, μΌλ¶€ μ™μ†λ” μμ•½ μ”μ²­ ν›„ μ™μ†μ ν™•μΈ κ³Όμ •μ„ κ±°μ³ μµμΆ… ν™•μ •λλ” κ²½μ°κ°€ μμΌλ©°, μ΄ κ²½μ° λ³„λ„λ΅ μ•λ‚΄ν•΄ λ“λ¦½λ‹λ‹¤.', NOW(), NULL),
(1, 2, 'μ—¬λ¬ κ°μ‹¤μ„ ν• λ²μ— μμ•½ν•  μ μλ‚μ”?', 'λ„¤, κ°€λ¥ν•©λ‹λ‹¤. κ°μ‹¤ μ„ νƒ λ‹¨κ³„μ—μ„ μ›ν•λ” κ°μ‹¤ νƒ€μ…λ³„λ΅ μλ‰μ„ μ΅°μ ν•μ—¬ μ—¬λ¬ κ°μ‹¤μ„ ν• λ²μ— μμ•½ν•  μ μμµλ‹λ‹¤. λ‹¨, μΌλ¶€ μ™μ†λ” ν• λ²μ— μμ•½ κ°€λ¥ν• κ°μ‹¤ μμ— μ ν•μ΄ μμ„ μ μμµλ‹λ‹¤.', NOW(), NULL),
(1, 2, 'λ°λ ¤λ™λ¬Ό λ™λ° μ™μ†λ” μ–΄λ–»κ² μ°Ύλ‚μ”?', 'μ™μ† κ²€μƒ‰ μ‹ ν•„ν„° μµμ…μ—μ„ "λ°λ ¤λ™λ¬Ό λ™λ° κ°€λ¥" ν•­λ©μ„ μ„ νƒν•λ©΄ κ΄€λ ¨ μ™μ†λ§ ν‘μ‹λ©λ‹λ‹¤. λ°λ ¤λ™λ¬Ό λ™λ° μ‹ μ¶”κ°€ μ”κΈμ΄ λ°μƒν•  μ μμΌλ©°, λ°λ ¤λ™λ¬Όμ ν¬κΈ°λ‚ μΆ…λ¥μ— μ ν•μ΄ μμ„ μ μμΌλ‹ μμ•½ μ „ λ°λ“μ‹ μ™μ† κ·μ •μ„ ν™•μΈν•΄ μ£Όμ„Έμ”.', NOW(), NULL),
(1, 2, 'μμ•½ ν›„ μΈμ› λ³€κ²½μ΄ κ°€λ¥ν•κ°€μ”?', 'μ²΄ν¬μΈ μ „μ΄λΌλ©΄ λ§μ΄νμ΄μ§€ > μμ•½λ‚΄μ—­μ—μ„ μΈμ› μ λ³€κ²½μ΄ κ°€λ¥ν•©λ‹λ‹¤. μΈμ›μ΄ μ¦κ°€ν•λ” κ²½μ° μ¶”κ°€ μ”κΈμ΄ λ°μƒν•  μ μμΌλ©°, μµλ€ μμ© μΈμ›μ„ μ΄κ³Όν•  μ μ—†μµλ‹λ‹¤. μΈμ› κ°μ†μ κ²½μ° ν™λ¶μ€ λ¶κ°€λ¥ν• κ²½μ°κ°€ λ§μΌλ‹ μ°Έκ³ ν•΄ μ£Όμ„Έμ”.', NOW(), NULL),
(1, 2, 'μ λ””κ³  μ•±μ—μ„λ§ μ κ³µλλ” ννƒμ΄ μλ‚μ”?', 'λ„¤, μ•± μ „μ© νΉκ°€, μ•± μ „μ© μΏ ν°, μ•± μμ•½ μ‹ μ¶”κ°€ ν¬μΈνΈ μ λ¦½ λ“± λ‹¤μ–‘ν• ννƒμ΄ μμµλ‹λ‹¤. λν• μ•±μ—μ„λ” ν‘Έμ‹ μ•λ¦Όμ„ ν†µν•΄ νΉκ°€ μ •λ³΄λ‚ μμ•½ κ΄€λ ¨ μ•λ¦Όμ„ μ‹¤μ‹κ°„μΌλ΅ λ°›μ•„λ³Ό μ μμµλ‹λ‹¤.', NOW(), NULL),
(1, 2, 'ν•΄μ™Έ μ™μ†λ„ μμ•½ κ°€λ¥ν•κ°€μ”?', 'ν„μ¬ μ λ””κ³ λ” κµ­λ‚΄ μ™μ† μμ•½ μ„λΉ„μ¤λ§ μ κ³µν•κ³  μμµλ‹λ‹¤. ν–¥ν›„ ν•΄μ™Έ μ™μ† μ„λΉ„μ¤ μ¤ν” μ‹ κ³µμ§€μ‚¬ν•­μ„ ν†µν•΄ μ•λ‚΄ν•΄ λ“λ¦¬κ² μµλ‹λ‹¤.', NOW(), NULL),
(1, 2, 'μμ•½ λ‚΄μ—­μ„ μΈμ‡„ν•λ ¤λ©΄ μ–΄λ–»κ² ν•΄μ•Ό ν•λ‚μ”?', 'λ§μ΄νμ΄μ§€ > μμ•½λ‚΄μ—­μ—μ„ ν•΄λ‹Ή μμ•½μ„ μ„ νƒν• ν›„ "μμ•½ ν™•μΈμ„ μ¶λ ¥" λ²„νΌμ„ ν΄λ¦­ν•λ©΄ μΈμ‡„ κ°€λ¥ν• ν•νƒμ ν™•μΈμ„κ°€ μƒμ„±λ©λ‹λ‹¤. λ¨λ°”μΌμ—μ„λ” PDFλ΅ μ €μ¥ν• ν›„ μΈμ‡„ν•μ‹¤ μ μμµλ‹λ‹¤.', NOW(), NULL),
(1, 2, 'μ λ””κ³  νμ› λ“±κΈ‰μ€ μ–΄λ–»κ² μ¬λΌκ°€λ‚μ”?', 'μ—°κ°„ μμ•½ κΈμ•΅μ— λ”°λΌ νμ› λ“±κΈ‰μ΄ κ²°μ •λ©λ‹λ‹¤. μΌλ°(50λ§μ› λ―Έλ§), μ‹¤λ²„(50λ§μ› μ΄μƒ), κ³¨λ“(200λ§μ› μ΄μƒ), ν”λν‹°λ„(500λ§μ› μ΄μƒ), VIP(1,000λ§μ› μ΄μƒ)μ 5λ‹¨κ³„λ΅ κµ¬μ„±λλ©°, λ“±κΈ‰μ— λ”°λΌ ν¬μΈνΈ μ λ¦½λ¥ κ³Ό μ „μ© ννƒμ΄ λ‹¬λΌμ§‘λ‹λ‹¤.', NOW(), NULL),

-- 1λ€1 μ§λ¬Έ (board_type = 3) 30κ°
(101, 3, 'μμ•½ λ³€κ²½ λ¬Έμ', 'μ•λ…•ν•μ„Έμ”. μ μ£Ό μ¤μ…λ·° λ¦¬μ΅°νΈλ¥Ό 5μ›” 15μΌλ¶€ν„° 17μΌκΉμ§€ μμ•½ν–λ”λ°, μΌμ •μ΄ λ³€κ²½λμ–΄ 5μ›” 20μΌλ¶€ν„° 22μΌλ΅ λ°”κΎΈκ³  μ‹¶μµλ‹λ‹¤. κ°€λ¥ν• κΉμ”? μμ•½λ²νΈλ” ABC12345μ…λ‹λ‹¤.', NOW(), NULL),
(101, 3, 'κ²°μ  μ¤λ¥ λ°μƒ', 'μ™μ† μμ•½ μ¤‘ κ²°μ  κ³Όμ •μ—μ„ μ¤λ¥κ°€ λ°μƒν–μµλ‹λ‹¤. μΉ΄λ“ κ²°μ λ¥Ό μ‹λ„ν–μΌλ‚ "κ²°μ  μ²λ¦¬ μ¤‘ μ¤λ¥κ°€ λ°μƒν–μµλ‹λ‹¤"λΌλ” λ©”μ‹μ§€κ°€ λΉλ‹λ‹¤. ν•μ§€λ§ λ¬Έμλ΅λ” κ²°μ  μ™„λ£ λ©”μ‹μ§€κ°€ μ™”μµλ‹λ‹¤. μμ•½μ΄ λ κ±΄μ§€ ν™•μΈ λ¶€νƒλ“λ¦½λ‹λ‹¤.', NOW(), NULL),
(101, 3, 'κ°μ‹¤ λ·° κ΄€λ ¨ λ¬Έμ', 'κ°•λ¦‰ μ”¨μ‚¬μ΄λ“ νΈν…” μ¤μ…λ·° κ°μ‹¤μ„ μμ•½ν–λ”λ°, μ‹¤μ λ΅ λ°”λ‹¤κ°€ μ λ³΄μ΄λ”μ§€ κ¶κΈν•©λ‹λ‹¤. λν• κ°μ‹¤ μΈµμ μ§€μ •μ΄ κ°€λ¥ν•κ°€μ”? κ°€λ¥ν•λ©΄ κ³ μΈµμΌλ΅ λ°°μ • μ”μ²­ λ“λ¦½λ‹λ‹¤. μμ•½λ²νΈλ” DEF67890μ…λ‹λ‹¤.', NOW(), NULL),
(101, 3, 'μ μ•„ λ™λ° μ‹μ„¤ λ¬Έμ', 'λ‹¤μ μ£Όμ— κ²½μ£Ό ν•μ¥ λ¦¬μ΅°νΈλ¥Ό μμ•½ν–λ”λ°, 22κ°μ›” μ•„κΈ°μ™€ ν•¨κ» κ°‘λ‹λ‹¤. μ μ•„μ© μΉ¨λ€λ‚ μ‹κΈ°κ°€ κµ¬λΉ„λμ–΄ μλ‚μ”? λν• μ•„κΈ°μ™€ ν•¨κ» μ΄μ©ν• λ§ν• μ‹μ„¤μ΄ μλ”μ§€ μ•λ ¤μ£Όμ„Έμ”. μμ•½λ²νΈλ” GHI24680μ…λ‹λ‹¤.', NOW(), NULL),
(101, 3, 'ν¬μΈνΈ μ†λ©Έ κ΄€λ ¨ λ¬Έμ', 'μ  κ³„μ •μ— μ λ¦½λ ν¬μΈνΈκ°€ μ–Όλ§μΈμ§€, κ·Έλ¦¬κ³  μ–Έμ  μ†λ©Έλλ”μ§€ μ•κ³  μ‹¶μµλ‹λ‹¤. μ§€λ‚λ² μμ•½ μ‹ μ λ¦½λ ν¬μΈνΈλ¥Ό μ‚¬μ©ν•λ ¤κ³  ν•λ”λ° ν™•μΈμ΄ μ• λ©λ‹λ‹¤.', NOW(), NULL),
(101, 3, 'μμ•½ μ·¨μ† μμλ£ λ¬Έμ', 'λ¶€μ‚° ν•΄μ΄λ€ νΈν…” μμ•½μ„ μ·¨μ†ν•λ ¤κ³  ν•©λ‹λ‹¤. μ²΄ν¬μΈ 5μΌ μ „μΈλ° μ·¨μ† μμλ£κ°€ μ–Όλ§λ‚ λ°μƒν•λ”μ§€ μ•λ ¤μ£Όμ„Έμ”. μμ•½λ²νΈλ” JKL13579μ…λ‹λ‹¤.', NOW(), NULL),
(101, 3, 'μ™μ† μ£Όλ³€ κµν†µνΈ λ¬Έμ', 'μ„μΈ λ¶μ΄ ν•μ¥μ¤ν…μ΄λ¥Ό μμ•½ν–λ”λ°, μΈμ²κ³µν•­μ—μ„ μ™μ†κΉμ§€ κ°€λ” κ°€μ¥ νΈλ¦¬ν• κµν†µνΈμ„ μ•λ ¤μ£Όμ„Έμ”. λν• μ£Όλ³€ κ΄€κ΄‘μ§€κΉμ§€μ μ΄λ™ λ°©λ²•λ„ κ¶κΈν•©λ‹λ‹¤. μμ•½λ²νΈλ” MNO97531μ…λ‹λ‹¤.', NOW(), NULL),
(102, 3, 'μ΅°μ‹ μ¶”κ°€ κ°€λ¥ μ—¬λ¶€', 'μ΄λ―Έ μμ•½ν• μ™μ†μ— μ΅°μ‹μ„ μ¶”κ°€ν•κ³  μ‹¶μµλ‹λ‹¤. κ°€λ¥ν•κ°€μ”? κ°€λ¥ν•λ‹¤λ©΄ μ¶”κ°€ λΉ„μ©μ€ μ–Όλ§μΈμ§€, μ–΄λ–»κ² μ‹ μ²­ν•΄μ•Ό ν•λ”μ§€ μ•λ ¤μ£Όμ„Έμ”. μμ•½λ²νΈλ” PQR86420μ…λ‹λ‹¤.', NOW(), NULL),
(102, 3, 'λ¦¬λ·° μ‘μ„± ν¬μΈνΈ λ―Έμ λ¦½', 'μ§€λ‚μ£Ό μ΄μ©ν• μ™μ†μ— λ¦¬λ·°λ¥Ό μ‘μ„±ν–λ”λ° ν¬μΈνΈκ°€ μ λ¦½λμ§€ μ•μ•μµλ‹λ‹¤. ν™•μΈ λ¶€νƒλ“λ¦½λ‹λ‹¤. μμ•½λ²νΈλ” STU75319μ…λ‹λ‹¤.', NOW(), NULL),
(102, 3, 'μ™μ† μ‹μ„¤ μ •λ³΄ λ¬Έμ', 'μμ•½ν• νμ…μ— λ°”λ² ν μ‹μ„¤μ΄ μλ‹¤κ³  ν–λ”λ°, μ΄μ© κ°€λ¥ μ‹κ°„κ³Ό μ¶”κ°€ λΉ„μ©μ΄ μλ”μ§€ κ¶κΈν•©λ‹λ‹¤. λν• μ―κ³Ό κ·Έλ¦΄μ€ μ κ³µλλ‚μ”? μμ•½λ²νΈλ” VWX42680μ…λ‹λ‹¤.', NOW(), NULL),
(102, 3, 'κ³„μ • μ •λ³΄ λ³€κ²½ λ°©λ²•', 'κ°€μ… μ‹ λ“±λ΅ν• ν΄λ€ν° λ²νΈλ¥Ό λ³€κ²½ν•κ³  μ‹¶μ€λ° μ–΄λ–»κ² ν•΄μ•Ό ν•λ‚μ”? λν• μ΄λ©”μΌ μ£Όμ†λ„ ν•¨κ» λ³€κ²½ν•κ³  μ‹¶μµλ‹λ‹¤.', NOW(), NULL),
(102, 3, 'μΏ ν° μ‚¬μ© μ¤λ¥', '10% ν• μΈ μΏ ν°μ„ μ μ©ν•λ ¤κ³  ν•λ”λ° "μ‚¬μ© μ΅°κ±΄μ— λ§μ§€ μ•μµλ‹λ‹¤"λΌλ” λ©”μ‹μ§€κ°€ λΉλ‹λ‹¤. μΏ ν° μ‚¬μ© μ΅°κ±΄μ„ ν™•μΈν•΄μ£Όμ‹κ³ , μ‚¬μ© κ°€λ¥ν•λ„λ΅ λ„μ™€μ£Όμ„Έμ”. μΏ ν° λ²νΈλ” SUMMER2025μ…λ‹λ‹¤.', NOW(), NULL),
(102, 3, 'μμ•½ ν™•μΈ λ©”μΌ μ¬λ°μ†΅ μ”μ²­', 'μ–΄μ  μμ•½μ„ μ™„λ£ν–λ”λ° μμ•½ ν™•μΈ λ©”μΌμ„ λ°›μ§€ λ»ν–μµλ‹λ‹¤. μ¤νΈν•¨λ„ ν™•μΈν•΄λ΄¤μ§€λ§ μ—†μµλ‹λ‹¤. λ©”μΌ μ¬λ°μ†΅ λ¶€νƒλ“λ¦½λ‹λ‹¤. μμ•½λ²νΈλ” YZA13579μ…λ‹λ‹¤.', NOW(), NULL),
(102, 3, 'μ™μ† μ „ν™”λ²νΈ λ¬Έμ', 'λ‚΄μΌ μ²΄ν¬μΈ μμ •μΈλ° λ¦κ² λ„μ°©ν•  κ²ƒ κ°™μ•„μ„ μ™μ†μ— μ§μ ‘ μ—°λ½ν•κ³  μ‹¶μµλ‹λ‹¤. μ™μ† μ „ν™”λ²νΈλ¥Ό μ•λ ¤μ£Όμ„Έμ”. μμ•½λ²νΈλ” BCD24680μ…λ‹λ‹¤.', NOW(), NULL),
(102, 3, 'κ²°μ  μμμ¦ λ°κΈ‰ μ”μ²­', 'μ§€λ‚λ‹¬ μ΄μ©ν• μ™μ†μ κ²°μ  μμμ¦μ΄ ν•„μ”ν•©λ‹λ‹¤. λ§μ΄νμ΄μ§€μ—μ„ ν™•μΈμ΄ μ• λμ–΄ μ”μ²­λ“λ¦½λ‹λ‹¤. μμ•½λ²νΈλ” EFG97531μ…λ‹λ‹¤.', NOW(), NULL),
(102, 3, 'μ•± μ¤λ¥ μ‹ κ³ ', 'μ λ””κ³  μ•±μ—μ„ μ™μ† κ²€μƒ‰ μ‹ ν•„ν„° μ μ© ν›„ κ²°κ³Όκ°€ λ‚μ¤μ§€ μ•λ” μ¤λ¥κ°€ λ°μƒν•©λ‹λ‹¤. μ–΄μ λ¶€ν„° κ³„μ† κ°™μ€ λ¬Έμ κ°€ λ°μƒν•κ³  μμµλ‹λ‹¤. iOS μµμ‹  λ²„μ „μ„ μ‚¬μ© μ¤‘μ…λ‹λ‹¤.', NOW(), NULL),
(103, 3, 'νΉμ • μ™μ† κ²€μƒ‰ μ•λ¨', 'μ „μ— λ¶λ§ν¬ν•΄λ‘” κ°•μ›λ„ μ–‘μ–‘μ "νμΈ λΉ„μΉ ν’€λΉλΌ"λ¥Ό κ²€μƒ‰ν•΄λ„ κ²°κ³Όμ— λ‚μ¤μ§€ μ•μµλ‹λ‹¤. ν•΄λ‹Ή μ™μ†κ°€ λ” μ΄μƒ μ λ””κ³ μ™€ μ ν΄ν•μ§€ μ•λ” κ±΄κ°€μ”? μ•„λ‹λ©΄ κ²€μƒ‰ μ¤λ¥μΈκ°€μ”?', NOW(), NULL),
(105, 3, 'μμ•½ λ‚΄μ—­ μ‚­μ  λ¬Έμ', 'μ·¨μ†λ μμ•½μ΄ λ§μ΄νμ΄μ§€μ— κ³„μ† ν‘μ‹λμ–΄ λ¶νΈν•©λ‹λ‹¤. μ·¨μ†λ μμ•½ λ‚΄μ—­μ„ μ‚­μ ν•λ” λ°©λ²•μ΄ μλ‚μ”?', NOW(), NULL),
(105, 3, 'νμ› νƒν‡΄ λ°©λ²• λ¬Έμ', 'μ λ””κ³  νμ› νƒν‡΄λ¥Ό ν•κ³  μ‹¶μ€λ° λ°©λ²•μ„ μ•λ ¤μ£Όμ„Έμ”. νƒν‡΄ μ‹ μ λ¦½λ ν¬μΈνΈλ” μ–΄λ–»κ² λλ‚μ”?', NOW(), NULL),
(105, 3, 'κ²°μ  λ°©λ²• λ³€κ²½ κ°€λ¥ μ—¬λ¶€', 'μμ•½ μ‹ μ‹ μ©μΉ΄λ“λ΅ κ²°μ ν–λ”λ°, μ²΄ν¬μΉ΄λ“λ΅ λ³€κ²½ν•κ³  μ‹¶μµλ‹λ‹¤. κ°€λ¥ν•κ°€μ”? μμ•½λ²νΈλ” HIJ86420μ…λ‹λ‹¤.', NOW(), NULL),
(105, 3, 'μ™μ† μ„μΉ μ •ν™•μ„± λ¬Έμ', 'μμ•½ν• νμ…μ μ§€λ„ μ„μΉκ°€ μ •ν™•ν•μ§€ ν™•μΈν•κ³  μ‹¶μµλ‹λ‹¤. λ„¤λΉ„κ²μ΄μ… μ£Όμ†λ¥Ό μ •ν™•ν μ•λ ¤μ£Όμ„Έμ”. μμ•½λ²νΈλ” KLM75319μ…λ‹λ‹¤.', NOW(), NULL),
(106, 3, 'κ°μ‹¤ λ‚΄ μ‹μ„¤ λ¬Έμ', 'μμ•½ν• νΈν…” κ°μ‹¤μ— μ „μλ μΈμ§€μ™€ λ―Έλ‹ λƒ‰μ¥κ³ κ°€ μλ‚μ”? κ°„λ‹¨ν• μ΅°λ¦¬κ°€ κ°€λ¥ν•μ§€ μ•κ³  μ‹¶μµλ‹λ‹¤. μμ•½λ²νΈλ” NOP42680μ…λ‹λ‹¤.', NOW(), NULL),
(106, 3, 'μ™μ† μμ•½ μ¦λΉ™ μ„λ¥ μ”μ²­', 'νμ‚¬ μ¶μ¥μΌλ΅ μ΄μ©ν• μ™μ†μ μ™λ°• μ¦λ…μ„κ°€ ν•„μ”ν•©λ‹λ‹¤. λ°κΈ‰ λ°©λ²•μ„ μ•λ ¤μ£Όμ„Έμ”. μμ•½λ²νΈλ” QRS13579μ…λ‹λ‹¤.', NOW(), NULL),
(106, 3, 'ν¬μΈνΈ ν•©μ‚° λ¬Έμ', 'λ‘ κ°μ κ³„μ •μ„ μ‚¬μ© μ¤‘μΈλ°, ν• κ³„μ •μΌλ΅ ν¬μΈνΈλ¥Ό ν•©μ‚°ν•  μ μλ‚μ”? κ°€λ¥ν•λ‹¤λ©΄ λ°©λ²•μ„ μ•λ ¤μ£Όμ„Έμ”.', NOW(), NULL),
(106, 3, 'μ™μ† ν‰μ  κ΄€λ ¨ λ¬Έμ', 'μ κ°€ μμ•½ν• μ™μ†μ ν‰μ μ΄ μμ•½ λ‹Ήμ‹λ³΄λ‹¤ λ§μ΄ λ‚®μ•„μ§„ κ²ƒ κ°™μµλ‹λ‹¤. νΉμ‹ μµκ·Όμ— λ¬Έμ κ°€ μμ—λ κ±΄κ°€μ”? μμ•½λ²νΈλ” TUV24680μ…λ‹λ‹¤.', NOW(), NULL),
(106, 3, 'μμ•½μλ… λ³€κ²½ κ°€λ¥ μ—¬λ¶€', 'μΉκµ¬ λ€μ‹  μ  κ³„μ •μΌλ΅ μμ•½ν–λ”λ°, μμ•½μλ…μ„ μΉκµ¬ μ΄λ¦„μΌλ΅ λ³€κ²½ν•  μ μλ‚μ”? μμ•½λ²νΈλ” WXY97531μ…λ‹λ‹¤.', NOW(), NULL),
(106, 3, 'μ™μ† λ‚΄ μ™€μ΄νμ΄ λ¬Έμ', 'μμ•½ν• μ™μ†μ μ™€μ΄νμ΄ μ†λ„κ°€ κ¶κΈν•©λ‹λ‹¤. μ¬νƒκ·Όλ¬΄λ¥Ό λ³‘ν–‰ν•  μμ •μ΄λΌ ν™”μƒνμκ°€ κ°€λ¥ν• μμ¤€μΈμ§€ μ•κ³  μ‹¶μµλ‹λ‹¤. μμ•½λ²νΈλ” ZAB86420μ…λ‹λ‹¤.', NOW(), NULL),
(106, 3, 'λ‹¨μ²΄ μμ•½ λ¬Έμ', 'νμ‚¬ μ›ν¬μμΌλ΅ 20λ…μ΄ μ΄μ©ν•  μ™μ†λ¥Ό μ•μ•„λ³΄κ³  μμµλ‹λ‹¤. λ‹¨μ²΄ μμ•½ μ‹ ν• μΈμ΄λ‚ νΉλ³„ ννƒμ΄ μλ‚μ”? λν• μ„Έλ―Έλ‚μ‹¤μ΄ μλ” μ™μ†λ¥Ό μ¶”μ²ν•΄μ£Όμ„Έμ”.', NOW(), NULL),
(106, 3, 'μ™μ† λ‚΄ λ°λ ¤λ™λ¬Ό λ™λ° λ¬Έμ', 'μμ•½ν• μ™μ†κ°€ λ°λ ¤λ™λ¬Ό λ™λ° κ°€λ¥μΌλ΅ ν‘μ‹λμ–΄ μλ”λ°, νΉλ³„ν• μ ν•μ‚¬ν•­(ν¬κΈ°, μΆ…λ¥ λ“±)μ΄ μλ”μ§€ μ•κ³  μ‹¶μµλ‹λ‹¤. 5kg ν¬λ©”λΌλ‹μ•μ„ λ°λ ¤κ° μμ •μ…λ‹λ‹¤. μμ•½λ²νΈλ” CDE75319μ…λ‹λ‹¤.', NOW(), NULL),
(106, 3, 'μμ•½ μ‚¬μ΄νΈμ™€ μ™μ† μ •λ³΄ λ¶μΌμΉ', 'μ λ””κ³ μ—μ„ λ³Έ κ°μ‹¤ μ‚¬μ§„κ³Ό μ‹¤μ  λ°©λ¬Έν–μ„ λ• κ°μ‹¤μ΄ λ§μ΄ λ‹¬λμµλ‹λ‹¤. νΉν μ•μ‹¤ ν¬κΈ°κ°€ μ‚¬μ§„λ³΄λ‹¤ ν›¨μ”¬ μ‘μ•μµλ‹λ‹¤. μ΄λ° κ²½μ° μ–΄λ–»κ² ν•΄μ•Ό ν•λ‚μ”?', NOW(), NULL);

-- λ“κΈ€ (board_type = 3μ— λ€ν• λ‹µλ³€) 10κ°

INSERT INTO `tbl_board_comments` (`post_id`, `content`, `created_at`) VALUES
                                                                          (31, 'μ•λ…•ν•μ„Έμ”, μ λ””κ³ μ…λ‹λ‹¤. λ¬Έμ μ£Όμ…”μ„ κ°μ‚¬ν•©λ‹λ‹¤. μμ•½ λ³€κ²½ κ°€λ¥ μ—¬λ¶€λ¥Ό ν™•μΈν•΄λ³΄μ•μµλ‹λ‹¤. λ‹¤ν–‰ν 5μ›” 20μΌλ¶€ν„° 22μΌκΉμ§€ λ™μΌν• κ°μ‹¤ νƒ€μ…μ΄ μμ•½ κ°€λ¥ν•©λ‹λ‹¤. λ³€κ²½ μ‹ μ”κΈ μ°¨μ΄λ” μ—†μΌλ©°, λ³€κ²½μ„ μ›ν•μ‹λ©΄ κ³ κ°μ„Όν„°(1588-1234)λ΅ μ—°λ½ λ¶€νƒλ“λ¦½λ‹λ‹¤. κ°μ‚¬ν•©λ‹λ‹¤.', NOW()),
                                                                          (32, 'μ•λ…•ν•μ„Έμ”, μ λ””κ³ μ…λ‹λ‹¤. λ¶νΈμ„ λ“λ ¤ μ£„μ†΅ν•©λ‹λ‹¤. ν™•μΈ κ²°κ³Ό κ²°μ λ” μ •μƒμ μΌλ΅ μ™„λ£λμ—μΌλ©°, μμ•½λ„ ν™•μ •λμ—μµλ‹λ‹¤. κ²°μ  λ‚΄μ—­μ€ λ§μ΄νμ΄μ§€μ—μ„ ν™•μΈ κ°€λ¥ν•©λ‹λ‹¤. μ‹μ¤ν… μ¤λ¥λ΅ μΈν• λ¶νΈ μ‚¬ν•­μ€ κ°μ„ ν•λ„λ΅ ν•κ² μµλ‹λ‹¤. μ¶”κ°€ λ¬Έμμ‚¬ν•­ μμΌμ‹λ©΄ μ–Έμ λ“ μ§€ μ—°λ½ μ£Όμ„Έμ”.', NOW()),
                                                                          (35, 'μ•λ…•ν•μ„Έμ”, μ λ””κ³ μ…λ‹λ‹¤. ν„μ¬ νμ›λ‹μ κ³„μ •μ—λ” 15,000ν¬μΈνΈκ°€ μ λ¦½λμ–΄ μμµλ‹λ‹¤. μ΄ μ¤‘ 10,000ν¬μΈνΈλ” 2023λ…„ 6μ›”μ— μ λ¦½λμ–΄ 2025λ…„ 6μ›” 30μΌμ— μ†λ©Έ μμ •μ…λ‹λ‹¤. λ‚λ¨Έμ§€ 5,000ν¬μΈνΈλ” 2024λ…„ μ λ¦½λμ–΄ 2026λ…„κΉμ§€ μ‚¬μ© κ°€λ¥ν•©λ‹λ‹¤. ν¬μΈνΈλ” μμ•½ μ‹ κ²°μ  νμ΄μ§€μ—μ„ μ‚¬μ© κ°€λ¥ν•©λ‹λ‹¤. κ°μ‚¬ν•©λ‹λ‹¤.', NOW()),
                                                                          (36, 'μ•λ…•ν•μ„Έμ”, μ λ””κ³ μ…λ‹λ‹¤. λ¶€μ‚° ν•΄μ΄λ€ νΈν…”μ μ·¨μ† μ •μ±…μ„ ν™•μΈν•΄λ³΄μ•μµλ‹λ‹¤. μ²΄ν¬μΈ 5μΌ μ „ μ·¨μ†μ κ²½μ°, μμ•½ κΈμ•΅μ 30%κ°€ μ·¨μ† μμλ£λ΅ λ°μƒν•©λ‹λ‹¤. κ·€ν•μ μμ•½ κΈμ•΅μ€ 300,000μ›μ΄λ―€λ΅, 90,000μ›μ μ·¨μ† μμλ£κ°€ λ°μƒν•λ©° 210,000μ›μ΄ ν™λ¶λ©λ‹λ‹¤. μ·¨μ†λ¥Ό μ›ν•μ‹λ©΄ λ§μ΄νμ΄μ§€μ—μ„ μ§μ ‘ μ·¨μ†ν•μ‹κ±°λ‚ κ³ κ°μ„Όν„°λ΅ μ—°λ½ μ£Όμ„Έμ”.', NOW()),
                                                                          (39, 'μ•λ…•ν•μ„Έμ”, μ λ””κ³ μ…λ‹λ‹¤. λ¦¬λ·° μ‘μ„± ν¬μΈνΈ λ―Έμ λ¦½ κ±΄ ν™•μΈν•΄λ³΄μ•μµλ‹λ‹¤. μ‹μ¤ν… μ¤λ¥λ΅ μΈν•΄ ν¬μΈνΈκ°€ μ λ¦½λμ§€ μ•μ•λ„¤μ”. λ°©κΈ 500ν¬μΈνΈλ¥Ό μλ™μΌλ΅ μ λ¦½ν•΄λ“λ Έμµλ‹λ‹¤. λ§μ΄νμ΄μ§€μ—μ„ ν™•μΈ κ°€λ¥ν•©λ‹λ‹¤. λ¶νΈμ„ λ“λ ¤ μ£„μ†΅ν•©λ‹λ‹¤. μ•μΌλ΅ λ” λ‚μ€ μ„λΉ„μ¤λ΅ λ³΄λ‹µν•κ² μµλ‹λ‹¤.', NOW()),
                                                                          (42, 'μ•λ…•ν•μ„Έμ”, μ λ””κ³ μ…λ‹λ‹¤. SUMMER2025 μΏ ν° μ‚¬μ© μ΅°κ±΄μ„ ν™•μΈν•΄λ³΄μ•μµλ‹λ‹¤. ν•΄λ‹Ή μΏ ν°μ€ 15λ§μ› μ΄μƒ κ²°μ  μ‹ μ‚¬μ© κ°€λ¥ν•λ©°, μ£Όλ§(κΈ,ν† ) μ™λ°•μ—λ” μ μ©λμ§€ μ•μµλ‹λ‹¤. λν• νΉκ°€ μƒν’μ—λ” μ¤‘λ³µ ν• μΈμ΄ λ¶κ°€ν•©λ‹λ‹¤. ν„μ¬ μ„ νƒν•μ‹  μƒν’μ΄ μ΄ μ΅°κ±΄μ— ν•΄λ‹Ήλλ”μ§€ ν™•μΈν•΄λ³΄μ‹κ³ , μ¶”κ°€ λ¬Έμμ‚¬ν•­μ€ μ–Έμ λ“ μ§€ μ•λ ¤μ£Όμ„Έμ”.', NOW()),
                                                                          (46, 'μ•λ…•ν•μ„Έμ”, μ λ””κ³ μ…λ‹λ‹¤. μ•± μ¤λ¥ μ‹ κ³  κ°μ‚¬ν•©λ‹λ‹¤. ν„μ¬ iOS μ•±μ—μ„ ν•„ν„° κ΄€λ ¨ λ²„κ·Έκ°€ ν™•μΈλμ–΄ μμ • μ¤‘μ…λ‹λ‹¤. μ„μ‹ ν•΄κ²°μ±…μΌλ΅ μ•±μ„ μµμ‹  λ²„μ „μΌλ΅ μ—…λ°μ΄νΈν•κ±°λ‚, μΊμ‹λ¥Ό μ‚­μ  ν›„ μ¬μ‹λ„ν•΄λ³΄μ„Έμ”. μ›Ήμ‚¬μ΄νΈμ—μ„λ” μ •μƒ μ‘λ™ν•λ‹ κΈ‰ν• μμ•½μ€ μ›ΉμΌλ΅ μ§„ν–‰ν•΄μ£Όμ‹κΈ° λ°”λλ‹λ‹¤. λ¶νΈμ„ λ“λ ¤ μ£„μ†΅ν•©λ‹λ‹¤.', NOW()),
                                                                          (49, 'μ•λ…•ν•μ„Έμ”, μ λ””κ³ μ…λ‹λ‹¤. νμ› νƒν‡΄λ” λ§μ΄νμ΄μ§€ > μ„¤μ • > νμ› νƒν‡΄ λ©”λ‰΄μ—μ„ κ°€λ¥ν•©λ‹λ‹¤. νƒν‡΄ μ‹ μ λ¦½λ ν¬μΈνΈλ” λ¨λ‘ μ†λ©Έλλ©°, μ§„ν–‰ μ¤‘μΈ μμ•½μ΄ μλ” κ²½μ° νƒν‡΄κ°€ μ ν•λ  μ μμµλ‹λ‹¤. νƒν‡΄ μ „ μ‚¬μ© κ°€λ¥ν• ν¬μΈνΈλ¥Ό λ¨λ‘ μ‚¬μ©ν•μ‹κ³ , κ°μΈμ •λ³΄λ” κ΄€λ ¨ λ²•λ Ήμ— λ”°λΌ μΌμ • κΈ°κ°„ λ³΄κ΄€ ν›„ νκΈ°λ©λ‹λ‹¤.', NOW()),
                                                                          (53, 'μ•λ…•ν•μ„Έμ”, μ λ””κ³ μ…λ‹λ‹¤. μ™λ°• μ¦λ…μ„λ” λ§μ΄νμ΄μ§€ > μμ•½λ‚΄μ—­ > ν•΄λ‹Ή μμ•½ μƒμ„Έ νμ΄μ§€μ—μ„ "μ™λ°• μ¦λ…μ„ λ°κΈ‰" λ²„νΌμ„ ν†µν•΄ μ§μ ‘ λ°κΈ‰ κ°€λ¥ν•©λ‹λ‹¤. νΉλ³„ν• μ–‘μ‹μ΄ ν•„μ”ν•μ‹λ©΄ κ³ κ°μ„Όν„°λ΅ μ—°λ½ μ£Όμ‹κΈ° λ°”λλ‹λ‹¤. μ¶μ¥ λ³΄κ³ μ©μΌλ΅ μ ν•©ν• ν•νƒλ΅ μ κ³µν•΄ λ“λ¦¬κ² μµλ‹λ‹¤.', NOW()),
                                                                          (58, 'μ•λ…•ν•μ„Έμ”, μ λ””κ³ μ…λ‹λ‹¤. 20λ… κ·λ¨μ λ‹¨μ²΄ μμ•½μ€ μΌλ° μμ•½μ΄ μ•„λ‹ λ‹¨μ²΄ μμ•½ μ„λΉ„μ¤λ¥Ό μ΄μ©ν•μ‹λ” κ²ƒμ΄ μΆ‹μµλ‹λ‹¤. 10λ… μ΄μƒ λ‹¨μ²΄ μμ•½ μ‹ μµλ€ 15% ν• μΈ ννƒμ„ μ κ³µν•λ©°, μ„Έλ―Έλ‚μ‹¤ λ¬΄λ£ λ€μ—¬ λ“± μ¶”κ°€ ννƒλ„ κ°€λ¥ν•©λ‹λ‹¤. κ°•μ›λ„ ν™μ²μ "ν¬λ μ¤νΈ λ¦¬μ΅°νΈ"μ™€ κ²½κΈ°λ„ μ–‘ν‰μ "κ·Έλ¦° λ°Έλ¦¬ νΈν…”"μ„ μ¶”μ²λ“λ¦½λ‹λ‹¤. μμ„Έν• μƒλ‹΄μ€ λ‹¨μ²΄ μμ•½ μ „μ© λ²νΈ(02-123-4567)λ΅ μ—°λ½ μ£Όμ‹κΈ° λ°”λλ‹λ‹¤.', NOW()),
                                                                          (59, 'μ•λ…•ν•μ„Έμ”, μ λ””κ³ μ…λ‹λ‹¤. ν•΄λ‹Ή μ™μ†λ” λ°λ ¤λ™λ¬Ό λ™λ° κ°€λ¥ν•λ©°, 10kg μ΄ν•μ μ†ν•κ²¬λ§ μ…μ‹¤ κ°€λ¥ν•©λ‹λ‹¤. ν¬λ©”λΌλ‹μ•μ€ ν¬κΈ°κ°€ μ ν•©ν•μ—¬ λ™λ° κ°€λ¥ν•©λ‹λ‹¤. λ‹¤λ§, μμ•½ μ‹ λ°λ ¤λ™λ¬Ό λ™λ° μ—¬λ¶€λ¥Ό λ―Έλ¦¬ μ•λ ¤μ£Όμ…”μ•Ό ν•λ©°, 1λ§λ¦¬λ‹Ή 30,000μ›μ μ¶”κ°€ μ”κΈμ΄ λ°μƒν•©λ‹λ‹¤. λν• λ°λ ¤λ™λ¬Ό μ „μ© μ‹νΈμ™€ λ°°λ³€ν¨λ“λ” μ§μ ‘ μ¤€λΉ„ν•μ…”μ•Ό ν•©λ‹λ‹¤. μ¶”κ°€ λ¬Έμμ‚¬ν•­ μμΌμ‹λ©΄ μ–Έμ λ“ μ§€ μ—°λ½ μ£Όμ„Έμ”.', NOW());











INSERT INTO `tbl_reservations` (acm_id, member_code, check_in, check_out, guest_count, is_resv,created_at) VALUES
(101,101,'2025-03-11','2025-03-14',3,true,NOW()),
(101,101,'2025-03-15','2025-03-19',3,true,NOW()),
(201,101,'2025-03-11','2025-03-13',3,true,NOW()),
(202,101,'2025-03-15','2025-03-19',3,true,NOW()),
# (101,102,'2025-03-18','2025-03-20',3,true,NOW()), #λ„£μΌλ ¤λ©΄ μ£Όμ„
(102,103,'2025-03-11','2025-03-14',3,true,NOW()),
(103,104,'2025-03-11','2025-03-14',3,true,NOW()),
(104,104,'2025-03-11','2025-03-14',3,true,NOW()),
# (104,105,'2025-03-13','2025-03-15',3,true,NOW()), #λ„£μΌλ ¤λ©΄ μ£Όμ„
(105,105,'2025-03-11','2025-03-14',3,true,NOW());

# λ¦¬λ·° λ°μ΄ν„° / λ¦¬λ·° μ΄λ―Έμ§€ μ¶”κ°€ μμ •
INSERT INTO `tbl_reviews` (member_code, acm_id, resv_id, content, written_at) VALUES
(101,101,1,'ν›„κΈ° μ‘μ„± λ‚΄μ© μ…λ‹λ‹¤.1',now()),
(101,102,2,'ν›„κΈ° μ‘μ„± λ‚΄μ© μ…λ‹λ‹¤.2',now()),
(101,103,3,'ν›„κΈ° μ‘μ„± λ‚΄μ© μ…λ‹λ‹¤.3',now()),
(101,104,4,'ν›„κΈ° μ‘μ„± λ‚΄μ© μ…λ‹λ‹¤.4',now()),
(101,105,5,'ν›„κΈ° μ‘μ„± λ‚΄μ© μ…λ‹λ‹¤.5',now()),
(102,201,6,'ν›„κΈ° μ‘μ„± λ‚΄μ© μ…λ‹λ‹¤.6',now()),
(102,202,1,'ν›„κΈ° μ‘μ„± λ‚΄μ© μ…λ‹λ‹¤.7',now()),
(102,203,2,'ν›„κΈ° μ‘μ„± λ‚΄μ© μ…λ‹λ‹¤.8',now()),
(102,204,3,'ν›„κΈ° μ‘μ„± λ‚΄μ© μ…λ‹λ‹¤.9',now()),
(102,205,4,'ν›„κΈ° μ‘μ„± λ‚΄μ© μ…λ‹λ‹¤.10',now()),
(103,301,5,'ν›„κΈ° μ‘μ„± λ‚΄μ© μ…λ‹λ‹¤.11',now()),
(103,302,6,'ν›„κΈ° μ‘μ„± λ‚΄μ© μ…λ‹λ‹¤.12',now()),
(103,303,1,'ν›„κΈ° μ‘μ„± λ‚΄μ© μ…λ‹λ‹¤.13',now()),
(103,304,2,'ν›„κΈ° μ‘μ„± λ‚΄μ© μ…λ‹λ‹¤.14',now()),
(103,305,3,'ν›„κΈ° μ‘μ„± λ‚΄μ© μ…λ‹λ‹¤.15',now());

